# Alias OBJ Model File
# Exported from SketchUp, (c) 2000-2012 Trimble Navigation Limited
# File units = meters

mtllib DataCenterSketchup.mtl

g Mesh1 ThomThom1 Model

usemtl ThomThom___Buttons2
v -0.363665 1.36478 0.636059
vt -0.683739 53.7316
vn 0.0609799 -4.74211e-15 -0.998139
v -0.36333 1.36533 0.636079
vt -0.696948 53.7533
v -0.360014 1.36497 0.636282
vt -0.827781 53.7389
f 1/1/1 2/2/1 3/3/1

v -0.365418 1.36743 0.635952
vt -0.614619 53.8357
f 2/2/1 1/1/1 4/4/1

usemtl ThomThom___Buttons1
vn 0.0609799 3.94938e-15 -0.998139
v -0.366908 1.36595 0.635861
vt -0.555826 53.7775
f 1/1/2 5/5/2 4/4/2

v -0.364847 1.36284 0.635987
vt -0.637137 53.6551
f 1/1/2 6/6/2 5/5/2

v -0.359895 1.36437 0.636289
vt -0.832442 53.7152
f 7/7/2 6/6/2 1/1/2

v -0.356016 1.36414 0.636526
vt -0.985474 53.7062
f 8/8/2 6/6/2 7/7/2

v -0.359478 1.36225 0.636315
vt -0.848887 53.6317
f 6/6/2 8/8/2 9/9/2

usemtl ThomThom___Waistcoat2
v -0.35399 1.37164 0.63665
vt -0.174585 8.80241
vn 0.0609799 -6.3977e-14 -0.998139
v -0.352606 1.36829 0.636735
vt -0.183526 8.78077
v -0.352 1.36445 0.636772
vt -0.187448 8.75603
v -0.354451 1.36141 0.636622
vt -0.171603 8.7364
v -0.358827 1.35964 0.636355
vt -0.143317 8.72495
v -0.362724 1.36041 0.636117
vt -0.118133 8.72996
v -0.365869 1.36298 0.635924
vt -0.0978009 8.74654
vt -0.0910837 8.76568
vt -0.104408 8.74563
vt -0.139108 8.74179
vt -0.161491 8.754
v -0.35326 1.36917 0.636695
vt -0.179302 8.78646
f 10/10/3 11/11/3 12/12/3 13/13/3 14/14/3 15/15/3 16/16/3 5/17/3 6/18/3 9/19/3 8/20/3 17/21/3 

usemtl ThomThom___Waistcoat1
v -0.345119 1.37178 0.637192
vt -0.239654 9.09675
vn 0.0609799 -1.13396e-16 -0.998139
vt -0.189643 9.07346
vt -0.180405 9.09582
f 18/22/4 11/23/4 10/24/4

vt -0.193696 9.0479
f 18/22/4 12/25/4 11/23/4

v -0.344928 1.36194 0.637204
vt -0.240931 9.03115
f 19/26/4 12/25/4 18/22/4

vt -0.177323 9.02761
f 19/26/4 13/27/4 12/25/4

vt -0.148095 9.01578
f 19/26/4 14/28/4 13/27/4

v -0.347177 1.33832 0.637066
vt -0.225907 8.87371
f 20/29/4 14/28/4 19/26/4

v -0.495974 1.34969 0.627976
vt 0.76792 8.9495
f 20/29/4 21/30/4 14/28/4

v -0.494037 1.33827 0.628094
vt 0.754984 8.87333
f 20/29/4 22/31/4 21/30/4

v -0.366268 1.32937 0.6359
vt -0.0983965 8.81399
f 20/29/4 23/32/4 22/31/4

v -0.3609 1.32881 0.636228
vt -0.134253 8.81027
f 20/29/4 24/33/4 23/32/4

v -0.358104 1.32485 0.636399
vt -0.152927 8.78385
f 20/29/4 25/34/4 24/33/4

v -0.35692 1.31939 0.636471
vt -0.160834 8.74746
f 20/29/4 26/35/4 25/34/4

v -0.357974 1.31616 0.636407
vt -0.153792 8.72596
f 20/29/4 27/36/4 26/35/4

v -0.354274 1.30289 0.636633
vt -0.178508 8.63746
f 28/37/4 27/36/4 20/29/4

v -0.363306 1.31321 0.636081
vt -0.11818 8.70626
f 27/36/4 28/37/4 29/38/4

v -0.491586 1.32394 0.628244
vt 0.738613 8.77781
f 28/37/4 30/39/4 29/38/4

v -0.488914 1.28517 0.628407
vt 0.720771 8.51936
f 28/37/4 31/40/4 30/39/4

v -0.367543 1.27893 0.635822
vt -0.0898779 8.47771
f 28/37/4 32/41/4 31/40/4

v -0.363599 1.27526 0.636063
vt -0.116221 8.45326
f 28/37/4 33/42/4 32/41/4

v -0.360854 1.2687 0.636231
vt -0.134557 8.40955
f 28/37/4 34/43/4 33/42/4

v -0.358092 1.24517 0.6364
vt -0.153008 8.25268
f 35/44/4 34/43/4 28/37/4

v -0.363345 1.26391 0.636079
vt -0.11792 8.37762
f 35/44/4 36/45/4 34/43/4

v -0.368078 1.2628 0.635789
vt -0.086307 8.37023
f 35/44/4 37/46/4 36/45/4

v -0.484506 1.25277 0.628676
vt 0.691326 8.30336
f 35/44/4 38/47/4 37/46/4

v -0.484506 1.23271 0.628676
vt 0.691326 8.16963
f 35/44/4 39/48/4 38/47/4

v -0.372484 1.22751 0.63552
vt -0.0568798 8.13493
f 35/44/4 40/49/4 39/48/4

v -0.357109 1.22615 0.63646
vt -0.159568 8.12585
f 41/50/4 40/49/4 35/44/4

v -0.368291 1.22554 0.635776
vt -0.0848848 8.12184
f 41/50/4 42/51/4 40/49/4

v -0.36746 1.22375 0.635827
vt -0.0904354 8.10987
f 41/50/4 43/52/4 42/51/4

v -0.364464 1.21728 0.63601
vt -0.110445 8.06673
f 41/50/4 44/53/4 43/52/4

v -0.365806 1.21317 0.635928
vt -0.101481 8.03936
f 41/50/4 45/54/4 44/53/4

v -0.361285 1.20711 0.636204
vt -0.131681 7.99891
f 46/55/4 45/54/4 41/50/4

v -0.368682 1.21103 0.635753
vt -0.0822709 8.02508
f 45/54/4 46/55/4 47/56/4

v -0.373647 1.2101 0.635449
vt -0.0491117 8.01889
f 47/56/4 46/55/4 48/57/4

f 46/55/4 39/48/4 48/57/4

v -0.494319 1.20554 0.628077
vt 0.756867 7.98845
f 46/55/4 49/58/4 39/48/4

v -0.495453 1.20351 0.628008
vt 0.764442 7.97494
f 46/55/4 50/59/4 49/58/4

v -0.494673 1.19997 0.628055
vt 0.759232 7.95133
f 46/55/4 51/60/4 50/59/4

v -0.492331 1.19787 0.628198
vt 0.743589 7.93732
f 46/55/4 52/61/4 51/60/4

v -0.486137 1.19471 0.628577
vt 0.702223 7.91631
f 46/55/4 53/62/4 52/61/4

v -0.481937 1.19197 0.628833
vt 0.674171 7.89802
f 46/55/4 54/63/4 53/62/4

v -0.438529 1.18062 0.631485
vt 0.384244 7.82232
f 46/55/4 55/64/4 54/63/4

v -0.438967 1.17813 0.631459
vt 0.38717 7.80574
f 46/55/4 56/65/4 55/64/4

v -0.373496 1.1748 0.635458
vt -0.050123 7.78354
f 46/55/4 57/66/4 56/65/4

v -0.371038 1.17298 0.635609
vt -0.0665366 7.77138
f 46/55/4 58/67/4 57/66/4

v -0.370667 1.1716 0.635631
vt -0.069015 7.76219
f 46/55/4 59/68/4 58/67/4

v -0.369307 1.16972 0.635714
vt -0.0780994 7.74967
f 46/55/4 60/69/4 59/68/4

v -0.367288 1.16497 0.635838
vt -0.0915824 7.718
f 46/55/4 61/70/4 60/69/4

v -0.363157 1.15923 0.63609
vt -0.119173 7.67976
f 62/71/4 61/70/4 46/55/4

v -0.369194 1.16036 0.635721
vt -0.0788558 7.68726
f 62/71/4 63/72/4 61/70/4

v -0.373519 1.15813 0.635457
vt -0.0499693 7.67244
f 62/71/4 64/73/4 63/72/4

v -0.366771 1.14218 0.635869
vt -0.0950374 7.56605
f 65/74/4 64/73/4 62/71/4

v -0.443803 1.15072 0.631163
vt 0.419465 7.62298
f 64/73/4 65/74/4 66/75/4

v -0.486865 1.15338 0.628532
vt 0.707083 7.64073
f 65/74/4 67/76/4 66/75/4

v -0.49921 1.13768 0.627778
vt 0.789538 7.53608
f 65/74/4 68/77/4 67/76/4

v -0.365263 1.12271 0.635961
vt -0.105111 7.43631
f 69/78/4 68/77/4 65/74/4

v -0.37938 1.12139 0.635099
vt -0.0108229 7.4275
f 70/79/4 68/77/4 69/78/4

v -0.383527 1.11922 0.634846
vt 0.0168782 7.41303
f 71/80/4 68/77/4 70/79/4

v -0.385661 1.11419 0.634715
vt 0.0311291 7.37949
f 72/81/4 68/77/4 71/80/4

v -0.38502 1.11042 0.634754
vt 0.0268482 7.35436
f 73/82/4 68/77/4 72/81/4

v -0.51162 1.11038 0.62702
vt 0.872422 7.35406
f 73/82/4 74/83/4 68/77/4

v -0.382767 1.1063 0.634892
vt 0.011802 7.3269
f 75/84/4 74/83/4 73/82/4

v -0.380628 1.10448 0.635023
vt -0.00248452 7.31474
f 76/85/4 74/83/4 75/84/4

v -0.378718 1.09908 0.635139
vt -0.01524 7.27875
f 77/86/4 74/83/4 76/85/4

v -0.384956 1.09696 0.634758
vt 0.0264198 7.26459
f 78/87/4 74/83/4 77/86/4

v -0.391518 1.09215 0.634357
vt 0.0702526 7.23255
f 79/88/4 74/83/4 78/87/4

v -0.395409 1.08507 0.63412
vt 0.096241 7.18537
f 80/89/4 74/83/4 79/88/4

v -0.52036 1.07984 0.626486
vt 0.930802 7.15048
f 80/89/4 81/90/4 74/83/4

v -0.403585 1.07418 0.63362
vt 0.150845 7.11273
f 82/91/4 81/90/4 80/89/4

v -0.420759 1.06018 0.632571
vt 0.265554 7.01941
f 83/92/4 81/90/4 82/91/4

v -0.528007 1.05518 0.626019
vt 0.981875 6.98605
f 83/92/4 84/93/4 81/90/4

v -0.520516 1.05031 0.626476
vt 0.931838 6.9536
f 83/92/4 85/94/4 84/93/4

v -0.428999 1.04804 0.632068
vt 0.320587 6.93849
f 86/95/4 85/94/4 83/92/4

v -0.5002 1.0467 0.627718
vt 0.796145 6.92956
f 87/96/4 85/94/4 86/95/4

v -0.499431 1.04429 0.627765
vt 0.791011 6.91344
f 87/96/4 88/97/4 85/94/4

v -0.483948 1.03867 0.628711
vt 0.687597 6.87601
f 89/98/4 88/97/4 87/96/4

v -0.461968 1.02779 0.630053
vt 0.54079 6.80351
f 90/99/4 88/97/4 89/98/4

v -0.449653 1.02097 0.630806
vt 0.458537 6.75799
f 91/100/4 88/97/4 90/99/4

v -0.44359 1.01559 0.631176
vt 0.418047 6.72215
f 91/100/4 92/101/4 88/97/4

v -0.44189 1.0176 0.63128
vt 0.406687 6.73554
f 92/101/4 91/100/4 93/102/4

usemtl ThomThom___Waistcoat2
vt 0.310246 6.71467
vn 0.0609799 7.81499e-15 -0.998139
vt 0.256988 6.79298
vt 0.145979 6.88328
vt 0.0931364 6.95359
vt 0.0679864 6.99924
vt 0.0255675 7.03025
vt -0.0147483 7.04395
v -0.40326 1.06099 0.63364
vt 0.143883 6.79819
v -0.418639 1.04208 0.632701
vt 0.243283 6.67621
v -0.431412 1.0226 0.63192
vt 0.325848 6.55051
v -0.435741 1.0176 0.631656
vt 0.353827 6.51826
vt 0.393568 6.51826
vt 0.443746 6.53999
vt 0.523345 6.58404
vt 0.665417 6.6542
vt 0.770463 6.70603
v -0.469774 1.03982 0.629576
vt 0.573805 6.66163
v -0.457303 1.0418 0.630338
vt 0.493196 6.67438
v -0.449404 1.04008 0.630821
vt 0.442138 6.66328
v -0.440217 1.04105 0.631382
vt 0.382758 6.66957
f 86/103/5 83/104/5 82/105/5 80/106/5 79/107/5 78/108/5 77/109/5 94/110/5 95/111/5 96/112/5 97/113/5 93/114/5 91/115/5 90/116/5 89/117/5 87/118/5 98/119/5 99/120/5 100/121/5 101/122/5 

usemtl ThomThom___Waistcoat1
v -0.393311 1.06738 0.634248
vt 0.0822237 7.06738
vt 0.148679 7.0248
f 102/123/4 94/124/4 77/86/4

vt 0.251392 6.89875
f 102/123/4 95/125/4 94/124/4

vt 0.33671 6.76886
f 102/123/4 96/126/4 95/125/4

v -0.431739 1.01822 0.6319
vt 0.338892 6.73969
f 103/127/4 96/126/4 102/123/4

vt 0.365621 6.73554
f 103/127/4 97/128/4 96/126/4

f 103/127/4 92/101/4 97/128/4

v -0.436679 1.01439 0.631598
vt 0.371887 6.71413
f 92/101/4 103/127/4 104/129/4

usemtl ThomThom___Jumper2
vt 2.00133 40.0875
vn 0.0609799 -2.86538e-15 -0.998139
vt 0.485573 42.0227
v -0.388353 1.07639 0.634551
vt 0.290033 42.3776
v -0.394217 1.06215 0.634193
vt 0.521336 41.8168
v -0.421528 1.02304 0.632524
vt 1.59855 40.277
v -0.43423 1.00485 0.631748
vt 2.09959 39.5609
v -0.439179 1.00485 0.631446
vt 2.29478 39.5609
v -0.456171 1.01063 0.630408
vt 2.965 39.7887
v -0.472074 1.02374 0.629436
vt 3.59228 40.3046
v -0.498984 1.03985 0.627792
vt 4.65371 40.9391
v -0.520209 1.04657 0.626495
vt 5.49088 41.2036
v -0.527984 1.04657 0.62602
vt 5.79757 41.2036
v -0.533993 1.04961 0.625653
vt 6.03459 41.3231
vt 5.79847 41.5424
vt 5.50298 41.3507
vt 4.67132 41.1136
vt 2.46878 39.9839
vt 2.19618 39.9365
f 103/130/6 102/131/6 105/132/6 106/133/6 107/134/6 108/135/6 109/136/6 110/137/6 111/138/6 112/139/6 113/140/6 114/141/6 115/142/6 84/143/6 85/144/6 88/145/6 92/146/6 104/147/6 

usemtl ThomThom___Waistcoat1
vt 0.0491123 7.12749
f 102/123/4 77/86/4 105/148/4

v -0.379758 1.09202 0.635076
vt -0.00829489 7.2317
f 105/148/4 77/86/4 116/149/4

v -0.377533 1.09607 0.635212
vt -0.023156 7.25868
f 116/149/4 77/86/4 117/150/4

v -0.376527 1.09768 0.635273
vt -0.0298769 7.26941
f 117/150/4 77/86/4 118/151/4

v -0.369685 1.10862 0.635691
vt -0.0755746 7.34234
f 118/151/4 77/86/4 119/152/4

v -0.375406 1.10553 0.635342
vt -0.0373609 7.32177
f 119/152/4 77/86/4 120/153/4

f 120/153/4 77/86/4 76/85/4

usemtl ThomThom___Waistcoat2
v -0.374891 1.11265 0.635373
vt -0.0394838 7.13151
vn 0.0609799 -4.05456e-14 -0.998139
v -0.374518 1.11448 0.635396
vt -0.0418981 7.14332
v -0.374994 1.11689 0.635367
vt -0.0388205 7.15883
v -0.374132 1.11512 0.63542
vt -0.0443944 7.14742
v -0.372784 1.11016 0.635502
vt -0.0531065 7.11542
vt -0.0361557 7.08558
vt -0.00240437 7.07878
vt 0.0114213 7.09054
vt 0.0259821 7.11712
v -0.382217 1.10749 0.634926
vt 0.00786481 7.09817
v -0.377918 1.1083 0.635188
vt -0.0199197 7.10344
f 121/154/7 122/155/7 123/156/7 124/157/7 125/158/7 120/159/7 76/160/7 75/161/7 73/162/7 126/163/7 127/164/7 

usemtl ThomThom___Buttons1
vt -0.240944 43.8052
vn 0.0609799 3.71053e-16 -0.998139
v -0.376546 1.11336 0.635272
vt -0.175671 43.8332
vt -0.255677 43.8773
f 121/165/8 128/166/8 122/167/8

v -0.378954 1.1099 0.635125
vt -0.0807203 43.6969
f 121/165/8 129/168/8 128/166/8

vt -0.121557 43.6339
f 127/169/8 129/168/8 121/165/8

v -0.381604 1.1094 0.634963
vt 0.0238211 43.6772
f 129/168/8 127/169/8 130/170/8

vt 0.0479939 43.6018
f 126/171/8 130/170/8 127/169/8

vt 0.158552 43.7174
f 130/170/8 126/171/8 73/172/8

v -0.383583 1.11147 0.634842
vt 0.101874 43.7588
f 130/170/8 73/172/8 131/173/8

vt 0.183833 43.8658
f 131/173/8 73/172/8 72/174/8

v -0.383857 1.11393 0.634825
vt 0.11268 43.8554
f 131/173/8 72/174/8 132/175/8

v -0.382151 1.11795 0.63493
vt 0.0453976 44.0138
f 132/175/8 72/174/8 133/176/8

vt 0.0996746 44.0639
f 133/176/8 72/174/8 71/177/8

v -0.379382 1.1194 0.635099
vt -0.0638229 44.0708
f 133/176/8 71/177/8 134/178/8

vt -0.0639149 44.1493
f 134/178/8 71/177/8 70/179/8

v -0.375648 1.11943 0.635327
vt -0.211107 44.072
f 134/178/8 70/179/8 135/180/8

usemtl ThomThom___Waistcoat1
vt -0.0357474 7.41441
f 69/78/4 135/181/4 70/79/4

vt -0.0401146 7.39745
f 69/78/4 123/182/4 135/181/4

vt -0.0458742 7.38566
f 69/78/4 124/183/4 123/182/4

vt -0.0548767 7.35261
f 69/78/4 125/184/4 124/183/4

f 119/152/4 125/184/4 69/78/4

f 119/152/4 120/153/4 125/184/4

usemtl ThomThom___Waistcoat2
v -0.174927 1.26984 0.64759
vt -1.33198 8.14562
vn 0.0609799 1.21547e-15 -0.998139
v -0.172517 1.28401 0.647737
vt -1.34756 8.23707
v -0.180883 1.33173 0.647226
vt -1.29349 8.54494
v -0.18503 1.36383 0.646973
vt -1.26668 8.75201
v -0.169493 1.27895 0.647922
vt -1.3671 8.20442
v -0.169493 1.26511 0.647922
vt -1.3671 8.11513
v -0.164558 1.22592 0.648223
vt -1.399 7.86228
v -0.166052 1.21657 0.648132
vt -1.38935 7.80192
v -0.169882 1.20554 0.647898
vt -1.36459 7.73078
v -0.172735 1.19038 0.647724
vt -1.34615 7.63297
v -0.171775 1.17269 0.647782
vt -1.35235 7.51886
v -0.172217 1.16452 0.647755
vt -1.3495 7.46615
v -0.172025 1.15489 0.647767
vt -1.35074 7.40401
v -0.173584 1.13988 0.647672
vt -1.34066 7.30719
v -0.17471 1.12511 0.647603
vt -1.33338 7.21185
v -0.173138 1.11763 0.647699
vt -1.34354 7.16362
v -0.170641 1.10978 0.647852
vt -1.35969 7.11297
v -0.169076 1.09738 0.647947
vt -1.3698 7.03297
v -0.174928 1.08194 0.64759
vt -1.33198 6.93336
v -0.17512 1.07024 0.647578
vt -1.33074 6.85789
v -0.182822 1.05736 0.647107
vt -1.28095 6.77476
v -0.180937 1.04635 0.647223
vt -1.29314 6.70377
v -0.182049 1.04381 0.647155
vt -1.28595 6.68739
v -0.189917 1.04393 0.646674
vt -1.23509 6.68813
v -0.214563 1.04429 0.645168
vt -1.07579 6.69044
v -0.270799 1.03751 0.641733
vt -0.712299 6.64671
v -0.294956 1.03591 0.640257
vt -0.556159 6.63638
v -0.315611 1.03643 0.638995
vt -0.42265 6.63972
v -0.34262 1.04958 0.637345
vt -0.248072 6.72459
v -0.355432 1.05918 0.636562
vt -0.16526 6.7865
v -0.367644 1.07475 0.635816
vt -0.0863255 6.88701
vt -0.022409 7.02453
vt -0.0289131 7.03491
vt -0.0731367 7.10549
vt -0.101721 7.19643
vt -0.0919717 7.32199
vt -0.115329 7.43203
vt -0.127433 7.74088
vt -0.15442 7.86373
vt -0.148072 7.98647
vt -0.172749 8.35883
vt -0.21862 8.58746
vt -0.233159 8.73982
vt -0.231924 8.80331
v -0.353379 1.39451 0.636687
vt -0.17853 8.94998
v -0.339043 1.36728 0.637563
vt -0.271198 8.77426
v -0.339043 1.3568 0.637563
vt -0.271198 8.70668
v -0.342084 1.32487 0.637378
vt -0.251537 8.50065
v -0.34806 1.30064 0.637012
vt -0.21291 8.34432
v -0.351231 1.25649 0.636819
vt -0.192418 8.0595
v -0.351231 1.22306 0.636819
vt -0.192418 7.84384
v -0.354378 1.20579 0.636626
vt -0.172073 7.73239
v -0.356084 1.16361 0.636522
vt -0.161048 7.46029
v -0.356084 1.14836 0.636522
vt -0.161048 7.3619
v -0.359576 1.13683 0.636309
vt -0.138474 7.2875
v -0.356447 1.11423 0.6365
vt -0.158704 7.14167
v -0.359162 1.10588 0.636334
vt -0.141155 7.08781
v -0.365713 1.09671 0.635934
vt -0.0988121 7.02863
v -0.368437 1.09453 0.635768
vt -0.0812043 7.01458
v -0.370351 1.09042 0.635651
vt -0.0688297 6.98806
v -0.364811 1.07494 0.635989
vt -0.104638 6.8882
v -0.350681 1.06015 0.636852
vt -0.195973 6.79279
v -0.33936 1.05109 0.637544
vt -0.269145 6.73435
v -0.31361 1.03919 0.639117
vt -0.435586 6.65755
v -0.296142 1.03803 0.640184
vt -0.548491 6.6501
v -0.271296 1.03836 0.641702
vt -0.709091 6.6522
v -0.214854 1.04513 0.64515
vt -1.07391 6.69586
v -0.192275 1.04622 0.64653
vt -1.21985 6.70293
v -0.188511 1.04811 0.64676
vt -1.24418 6.71509
v -0.187145 1.0518 0.646843
vt -1.25301 6.73893
v -0.189071 1.05635 0.646726
vt -1.24056 6.76828
v -0.180533 1.07186 0.647247
vt -1.29575 6.86832
v -0.178275 1.0799 0.647385
vt -1.31034 6.92018
v -0.175744 1.08928 0.64754
vt -1.3267 6.98071
v -0.174175 1.09418 0.647636
vt -1.33684 7.01235
v -0.173607 1.10318 0.64767
vt -1.34051 7.0704
v -0.175801 1.11158 0.647536
vt -1.32634 7.12457
v -0.180233 1.11963 0.647266
vt -1.29768 7.17655
v -0.181292 1.13862 0.647201
vt -1.29084 7.29907
v -0.181171 1.14817 0.647208
vt -1.29163 7.36063
v -0.179106 1.15913 0.647334
vt -1.30497 7.43139
v -0.177908 1.17016 0.647408
vt -1.31272 7.50255
v -0.178546 1.1759 0.647369
vt -1.30859 7.53954
v -0.17922 1.18152 0.647327
vt -1.30424 7.57584
v -0.179585 1.18596 0.647305
vt -1.30187 7.60446
v -0.184601 1.19437 0.646999
vt -1.26945 7.65875
v -0.18579 1.19911 0.646926
vt -1.26177 7.6893
v -0.184325 1.20157 0.647016
vt -1.27124 7.70518
v -0.184407 1.2047 0.647011
vt -1.27071 7.72534
v -0.183013 1.21092 0.647096
vt -1.27972 7.76548
v -0.179752 1.21826 0.647295
vt -1.3008 7.81286
v -0.176407 1.22551 0.647499
vt -1.32241 7.85963
v -0.174927 1.25972 0.64759
vt -1.33198 8.08034
f 136/185/9 137/186/9 138/187/9 139/188/9 140/189/9 141/190/9 142/191/9 143/192/9 144/193/9 145/194/9 146/195/9 147/196/9 148/197/9 149/198/9 150/199/9 151/200/9 152/201/9 153/202/9 154/203/9 155/204/9 156/205/9 157/206/9 158/207/9 159/208/9 160/209/9 161/210/9 162/211/9 163/212/9 164/213/9 165/214/9 166/215/9 117/216/9 118/217/9 119/218/9 69/219/9 65/220/9 62/221/9 46/222/9 41/223/9 35/224/9 28/225/9 20/226/9 19/227/9 18/228/9 167/229/9 168/230/9 169/231/9 170/232/9 171/233/9 172/234/9 173/235/9 174/236/9 175/237/9 176/238/9 177/239/9 178/240/9 179/241/9 180/242/9 181/243/9 182/244/9 183/245/9 184/246/9 185/247/9 186/248/9 187/249/9 188/250/9 189/251/9 190/252/9 191/253/9 192/254/9 193/255/9 194/256/9 195/257/9 196/258/9 197/259/9 198/260/9 199/261/9 200/262/9 201/263/9 202/264/9 203/265/9 204/266/9 205/267/9 206/268/9 207/269/9 208/270/9 209/271/9 210/272/9 211/273/9 212/274/9 213/275/9 214/276/9 215/277/9 

usemtl ThomThom___Waistcoat1
vt -1.37638 8.41714
vn 0.0609799 -4.67192e-16 -0.998139
vt -0.220008 8.62246
vt -1.39248 8.51164
f 136/278/10 171/279/10 137/280/10

vt -1.37638 8.34969
f 215/281/10 171/279/10 136/278/10

vt -0.198832 8.32815
f 215/281/10 172/282/10 171/279/10

vt -1.36649 8.12162
f 214/283/10 172/282/10 215/281/10

vt -0.198832 8.1053
f 214/283/10 173/284/10 172/282/10

vt -1.34416 8.07329
f 213/285/10 173/284/10 214/283/10

vt -1.32237 8.02433
f 212/286/10 173/284/10 213/285/10

vt -0.177809 7.99014
f 212/286/10 174/287/10 173/284/10

vt -1.31307 7.98286
f 211/288/10 174/287/10 212/286/10

vt -1.31361 7.96202
f 210/289/10 174/287/10 211/288/10

vt -1.30383 7.94561
f 209/290/10 174/287/10 210/289/10

vt -1.31177 7.91404
f 208/291/10 174/287/10 209/290/10

vt -1.34527 7.85794
f 207/292/10 174/287/10 208/291/10

v -0.270352 1.18258 0.64176
vt -0.73903 7.83542
f 216/293/10 174/287/10 207/292/10

v -0.288006 1.18223 0.640681
vt -0.621113 7.83308
f 217/294/10 174/287/10 216/293/10

v -0.289492 1.18097 0.640591
vt -0.61119 7.82471
f 218/295/10 174/287/10 217/294/10

v -0.290297 1.17528 0.640541
vt -0.605814 7.78676
f 219/296/10 174/287/10 218/295/10

v -0.292924 1.16899 0.640381
vt -0.588267 7.74481
f 220/297/10 174/287/10 219/296/10

vt -0.166416 7.70897
f 220/297/10 175/298/10 174/287/10

v -0.292061 1.15587 0.640434
vt -0.594032 7.65732
f 221/299/10 175/298/10 220/297/10

v -0.290667 1.15436 0.640519
vt -0.603341 7.64728
f 222/300/10 175/298/10 221/299/10

v -0.270891 1.15154 0.641727
vt -0.735429 7.62848
f 223/301/10 175/298/10 222/300/10

vt -0.166416 7.6073
f 223/301/10 176/302/10 175/298/10

v -0.225887 1.14866 0.644476
vt -1.03602 7.60926
f 176/302/10 223/301/10 224/303/10

usemtl ThomThom___Waistcoat2
v -0.190731 1.15167 0.646624
vt -1.22983 7.38322
vn 0.0609799 -1.77673e-14 -0.998139
v -0.189716 1.15265 0.646686
vt -1.23639 7.38953
v -0.188956 1.16955 0.646733
vt -1.24131 7.49861
v -0.187719 1.1516 0.646808
vt -1.2493 7.38277
v -0.188389 1.1503 0.646767
vt -1.24497 7.37441
v -0.190079 1.14926 0.646664
vt -1.23405 7.36766
vt -1.0026 7.3638
vt -0.711705 7.3824
vt -0.583878 7.40059
vt -0.57487 7.41031
vt -0.569291 7.49498
vt -0.586272 7.53558
v -0.291102 1.16959 0.640492
vt -0.58107 7.49885
v -0.290114 1.15707 0.640553
vt -0.587455 7.41809
v -0.271785 1.15445 0.641672
vt -0.705929 7.40115
v -0.226103 1.15144 0.644463
vt -1.0012 7.38178
f 225/304/11 226/305/11 227/306/11 228/307/11 229/308/11 230/309/11 224/310/11 223/311/11 222/312/11 221/313/11 220/314/11 219/315/11 231/316/11 232/317/11 233/318/11 234/319/11 

usemtl ThomThom___Waistcoat1
vn 0.0609799 3.87491e-16 -0.998139
v -0.188613 1.17717 0.646754
vt -1.28497 7.79935
vt -1.28268 7.74857
vt -1.27761 7.63585
vt -1.27082 7.62933
vt -1.03458 7.62784
vt -0.72946 7.64785
vt -0.607037 7.66536
vt -0.600439 7.74881
f 219/296/12 218/295/12 217/294/12 216/293/12 235/320/12 227/321/12 226/322/12 225/323/12 234/324/12 233/325/12 232/326/12 231/327/12 

vt -1.34771 7.82837
f 206/328/10 235/320/10 216/293/10

vt -1.35221 7.79085
f 205/329/10 235/320/10 206/328/10

vt -1.35647 7.75263
f 204/330/10 235/320/10 205/329/10

f 204/330/10 227/321/10 235/320/10

vt -1.34847 7.67911
f 203/331/10 227/321/10 204/330/10

vt -1.29094 7.62887
f 203/331/10 228/332/10 227/321/10

vt -1.28647 7.62022
f 203/331/10 229/333/10 228/332/10

vt -1.33468 7.60599
f 202/334/10 229/333/10 203/331/10

vt -1.27518 7.61325
f 202/334/10 230/335/10 229/333/10

f 202/334/10 224/303/10 230/335/10

f 202/334/10 176/302/10 224/303/10

vt -1.33387 7.54237
f 201/336/10 176/302/10 202/334/10

vt -0.14309 7.53042
f 201/336/10 177/337/10 176/302/10

vt -1.34094 7.41577
f 200/338/10 177/337/10 201/336/10

vt -0.163994 7.37973
f 200/338/10 178/339/10 177/337/10

vt -1.37055 7.36206
f 199/340/10 178/339/10 200/338/10

vt -0.14586 7.32407
f 199/340/10 179/341/10 178/339/10

vt -1.3852 7.30608
f 198/342/10 179/341/10 199/340/10

vt -0.102106 7.26291
f 198/342/10 180/343/10 179/341/10

vt -0.0839111 7.2484
f 198/342/10 181/344/10 180/343/10

vt -1.3814 7.2461
f 197/345/10 181/344/10 198/342/10

vt -0.071124 7.22099
f 197/345/10 182/346/10 181/344/10

vt -1.37092 7.2134
f 196/347/10 182/346/10 197/345/10

vt -1.35402 7.15086
f 195/348/10 182/346/10 196/347/10

vt -0.108126 7.11781
f 195/348/10 183/349/10 182/346/10

vt -1.33894 7.09726
f 194/350/10 183/349/10 195/348/10

vt -0.202505 7.01921
f 194/350/10 184/351/10 183/349/10

vt -1.28191 6.99389
f 193/352/10 184/351/10 194/350/10

vt -1.29478 6.96356
f 192/353/10 184/351/10 193/352/10

vt -0.278116 6.95883
f 192/353/10 185/354/10 184/351/10

vt -1.28565 6.93892
f 191/355/10 185/354/10 192/353/10

vt -1.26051 6.92636
f 190/356/10 185/354/10 191/355/10

vt -1.1097 6.91906
f 189/357/10 185/354/10 190/356/10

vt -0.450106 6.87947
f 189/357/10 186/358/10 185/354/10

vt -0.732727 6.87394
f 188/359/10 186/358/10 189/357/10

vt -0.566774 6.87177
f 186/358/10 188/359/10 187/360/10

f 206/328/10 216/293/10 207/292/10

vt -1.3366 8.82977
f 137/280/10 171/279/10 138/361/10

vt -0.259922 8.784
f 138/361/10 171/279/10 170/362/10

vt -0.280238 8.9969
f 138/361/10 170/362/10 169/363/10

vt -1.3089 9.04374
f 138/361/10 169/363/10 139/364/10

vt -0.280238 9.06673
f 139/364/10 169/363/10 168/365/10

v -0.189584 1.38871 0.646694
vt -1.27849 9.20959
f 139/364/10 168/365/10 236/366/10

vt -0.184481 9.24831
f 236/366/10 168/365/10 167/367/10

v -0.195092 1.43432 0.646358
vt -1.2417 9.51367
f 236/366/10 167/367/10 237/368/10

v -0.343507 1.4156 0.637291
vt -0.250419 9.38891
f 237/368/10 167/367/10 238/369/10

usemtl ThomThom___Jumper2
v -0.377869 1.5183 0.635191
vt -0.12348 59.7758
vn 0.0609799 1.47018e-15 -0.998139
v -0.356954 1.51684 0.636469
vt -0.948448 59.7182
v -0.315132 1.51828 0.639024
vt -2.59805 59.7749
v -0.297561 1.51786 0.640098
vt -3.29112 59.7583
v -0.282561 1.51895 0.641014
vt -3.88278 59.8012
v -0.27398 1.52298 0.641538
vt -4.22123 59.9597
v -0.277235 1.51875 0.641339
vt -4.09283 59.7931
v -0.278129 1.51781 0.641285
vt -4.05761 59.7564
v -0.283736 1.51195 0.640942
vt -3.83643 59.5256
v -0.308084 1.47239 0.639455
vt -2.87607 57.9683
v -0.316439 1.46225 0.638944
vt -2.54651 57.5688
vt -1.47885 55.7324
vt -1.08946 54.9022
v -0.373592 1.44981 0.635453
vt -0.292206 57.0793
v -0.360309 1.41551 0.636264
vt -0.816113 55.7286
v -0.353582 1.39942 0.636675
vt -1.08144 55.0953
v -0.341056 1.42611 0.63744
vt -1.57555 56.146
v -0.326473 1.45815 0.638331
vt -2.15074 57.4075
v -0.315164 1.4697 0.639022
vt -2.59678 57.8623
v -0.287939 1.51135 0.640685
vt -3.67064 59.502
v -0.282917 1.51635 0.640992
vt -3.86875 59.6988
v -0.287105 1.51504 0.640736
vt -3.70353 59.6471
v -0.30395 1.51157 0.639707
vt -3.03911 59.5108
v -0.321095 1.51192 0.63866
vt -2.36286 59.5243
v -0.359818 1.51336 0.636294
vt -0.835499 59.5812
v -0.379839 1.51579 0.635071
vt -0.0458038 59.6768
v -0.396232 1.52171 0.634069
vt 0.600792 59.9098
v -0.39646 1.52302 0.634055
vt 0.609805 59.9613
f 239/370/13 240/371/13 241/372/13 242/373/13 243/374/13 244/375/13 245/376/13 246/377/13 247/378/13 248/379/13 249/380/13 238/381/13 167/382/13 250/383/13 251/384/13 252/385/13 253/386/13 254/387/13 255/388/13 256/389/13 257/390/13 258/391/13 259/392/13 260/393/13 261/394/13 262/395/13 263/396/13 264/397/13 

usemtl ThomThom___Jumper1
v -0.264642 1.58688 0.642109
vt -4.58957 62.4755
vn 0.0609799 -8.7892e-16 -0.998139
v -0.272425 1.58903 0.641633
vt -4.28256 62.5603
v -0.273522 1.59605 0.641566
vt -4.2393 62.8366
v -0.260367 1.59116 0.64237
vt -4.75818 62.644
v -0.253638 1.58267 0.642781
vt -5.02362 62.3096
v -0.246584 1.56979 0.643212
vt -5.30185 61.8026
v -0.247477 1.55645 0.643157
vt -5.2666 61.2775
v -0.399411 1.53446 0.633875
vt 0.726177 60.4119
v -0.406084 1.5487 0.633468
vt 0.989414 60.9726
v -0.408069 1.56629 0.633346
vt 1.0677 61.665
v -0.406362 1.57685 0.633451
vt 1.00038 62.0806
v -0.403587 1.58052 0.63362
vt 0.890921 62.2253
v -0.394892 1.58594 0.634151
vt 0.547933 62.4387
v -0.397028 1.57358 0.634021
vt 0.632191 61.9521
v -0.397028 1.57058 0.634021
vt 0.632191 61.8339
v -0.392414 1.56627 0.634303
vt 0.45022 61.6642
v -0.377403 1.56136 0.63522
vt -0.141883 61.471
v -0.371384 1.55759 0.635587
vt -0.379287 61.3224
v -0.361257 1.55366 0.636206
vt -0.778726 61.1678
v -0.347099 1.55301 0.637071
vt -1.33719 61.1421
v -0.335639 1.55499 0.637771
vt -1.78918 61.22
v -0.31724 1.55629 0.638895
vt -2.51493 61.2714
v -0.313236 1.55538 0.63914
vt -2.67285 61.2355
v -0.302906 1.55303 0.639771
vt -3.0803 61.1431
v -0.293661 1.55713 0.640336
vt -3.44496 61.3042
v -0.283716 1.56499 0.640943
vt -3.83721 61.614
v -0.270325 1.57559 0.641762
vt -4.3654 62.0311
v -0.267334 1.5772 0.641944
vt -4.48337 62.0943
v -0.261076 1.5772 0.642327
vt -4.73022 62.0943
v -0.258641 1.57908 0.642475
vt -4.82627 62.1683
f 265/398/14 266/399/14 267/400/14 268/401/14 269/402/14 270/403/14 271/404/14 244/375/14 243/374/14 242/373/14 241/372/14 240/371/14 239/370/14 264/397/14 272/405/14 273/406/14 274/407/14 275/408/14 276/409/14 277/410/14 278/411/14 279/412/14 280/413/14 281/414/14 282/415/14 283/416/14 284/417/14 285/418/14 286/419/14 287/420/14 288/421/14 289/422/14 290/423/14 291/424/14 292/425/14 293/426/14 294/427/14 

usemtl ThomThom___Jumper2
vn 0.0609799 -8.63871e-16 -0.998139
f 291/424/15 266/399/15 265/398/15 294/427/15 293/426/15 292/425/15 

usemtl ThomThom___Complexion2
v -0.272661 1.62257 0.641619
vt -4.27328 63.8806
vn 0.0609799 6.35193e-15 -0.998139
v -0.274448 1.60753 0.64151
vt -4.20277 63.2886
v -0.303603 1.55488 0.639728
vt -3.05281 61.2156
v -0.298132 1.55677 0.640063
vt -3.26862 61.2902
v -0.289116 1.56232 0.640614
vt -3.62423 61.5086
v -0.278696 1.57136 0.64125
vt -4.03522 61.8645
v -0.274218 1.58103 0.641524
vt -4.21187 62.2451
v -0.274073 1.58698 0.641533
vt -4.21759 62.4796
v -0.27542 1.59554 0.64145
vt -4.16443 62.8163
v -0.27663 1.60563 0.641376
vt -4.11671 63.2137
v -0.27577 1.62244 0.641429
vt -4.15062 63.8754
v -0.268602 1.64577 0.641867
vt -4.43336 64.794
v -0.273846 1.643 0.641546
vt -4.22651 64.6849
v -0.278755 1.64181 0.641247
vt -4.0329 64.638
v -0.282745 1.64404 0.641003
vt -3.87554 64.726
v -0.283548 1.65108 0.640954
vt -3.84386 65.003
v -0.28072 1.64571 0.641126
vt -3.9554 64.7917
v -0.275957 1.64549 0.641417
vt -4.14325 64.783
v -0.262485 1.65264 0.64224
vt -4.67463 65.0646
f 295/428/16 296/429/16 267/400/16 266/399/16 291/424/16 290/423/16 289/422/16 288/421/16 287/420/16 297/430/16 298/431/16 299/432/16 300/433/16 301/434/16 302/435/16 303/436/16 304/437/16 305/438/16 306/439/16 307/440/16 308/441/16 309/442/16 310/443/16 311/444/16 312/445/16 313/446/16 

usemtl ThomThom___Complexion1
v -0.274521 1.68035 0.641505
vt -4.19991 66.1554
vn 0.0609799 5.97422e-15 -0.998139
v -0.275812 1.67599 0.641426
vt -4.14896 65.9838
v -0.284022 1.65465 0.640925
vt -3.82515 65.1437
v -0.326187 1.55647 0.638349
vt -2.162 61.2783
v -0.35174 1.55844 0.636788
vt -1.15411 61.3557
v -0.374771 1.5647 0.635381
vt -0.245682 61.6025
v -0.386238 1.56973 0.63468
vt 0.206617 61.8004
v -0.39101 1.5764 0.634388
vt 0.394817 62.0632
v -0.39216 1.58327 0.634318
vt 0.440179 62.3334
v -0.386338 1.58133 0.634674
vt 0.210539 62.2572
v -0.371246 1.57783 0.635596
vt -0.38474 62.1194
v -0.351116 1.5758 0.636826
vt -1.17875 62.0394
v -0.336225 1.57826 0.637735
vt -1.76607 62.1363
v -0.325577 1.58237 0.638386
vt -2.18609 62.2978
v -0.313853 1.58837 0.639102
vt -2.64851 62.5341
v -0.305214 1.59864 0.63963
vt -2.98927 62.9384
v -0.294513 1.6155 0.640284
vt -3.41137 63.6022
v -0.293081 1.62663 0.640371
vt -3.46784 64.0406
v -0.286501 1.67819 0.640773
vt -3.72737 66.0706
v -0.284383 1.69016 0.640903
vt -3.81091 66.5416
v -0.277399 1.69811 0.641329
vt -4.0864 66.8546
v -0.272307 1.70115 0.64164
vt -4.28723 66.9744
v -0.268488 1.70165 0.641874
vt -4.43786 66.9942
v -0.270018 1.69555 0.64178
vt -4.3775 66.754
v -0.27105 1.69144 0.641717
vt -4.33683 66.5921
f 314/447/17 315/448/17 316/449/17 310/443/17 309/442/17 308/441/17 307/440/17 306/439/17 305/438/17 304/437/17 303/436/17 302/435/17 301/434/17 300/433/17 299/432/17 298/431/17 297/430/17 287/420/17 286/419/17 317/450/17 318/451/17 319/452/17 320/453/17 321/454/17 322/455/17 323/456/17 324/457/17 325/458/17 326/459/17 327/460/17 328/461/17 329/462/17 330/463/17 331/464/17 332/465/17 333/466/17 334/467/17 335/468/17 336/469/17 337/470/17 338/471/17 

v -0.272539 1.66653 0.641626
vt -4.27809 65.6114
vn 0.0609799 -7.61569e-14 -0.998139
v -0.274852 1.66499 0.641485
vt -4.18686 65.5506
v -0.27713 1.66532 0.641346
vt -4.09699 65.5639
v -0.276613 1.66801 0.641377
vt -4.1174 65.6696
v -0.273903 1.67004 0.641543
vt -4.22428 65.7495
v -0.273903 1.67207 0.641543
vt -4.22428 65.8294
v -0.275221 1.67477 0.641462
vt -4.17231 65.9359
v -0.270902 1.6834 0.641726
vt -4.34264 66.2757
v -0.270227 1.68475 0.641768
vt -4.36926 66.3289
v -0.263803 1.67902 0.64216
vt -4.62266 66.1031
v -0.261918 1.67439 0.642275
vt -4.697 65.9209
v -0.263287 1.67028 0.642192
vt -4.64303 65.7592
v -0.266022 1.66639 0.642024
vt -4.53515 65.6059
v -0.268502 1.66521 0.641873
vt -4.43731 65.5593
v -0.270752 1.66653 0.641735
vt -4.34856 65.6114
f 339/472/18 340/473/18 341/474/18 342/475/18 343/476/18 344/477/18 345/478/18 315/448/18 314/447/18 346/479/18 347/480/18 348/481/18 349/482/18 350/483/18 351/484/18 352/485/18 353/486/18 

vn 0.0609799 3.00288e-14 -0.998139
v -0.265971 1.66428 0.642028
vt -4.53713 65.5227
v -0.259921 1.66592 0.642397
vt -4.77576 65.5874
v -0.256993 1.66862 0.642576
vt -4.89128 65.6939
v -0.255629 1.67426 0.642659
vt -4.94507 65.9158
v -0.257194 1.67763 0.642564
vt -4.88334 66.0486
v -0.263104 1.68245 0.642203
vt -4.65023 66.2381
v -0.266323 1.68446 0.642006
vt -4.52326 66.3172
v -0.268631 1.68795 0.641865
vt -4.43222 66.4548
v -0.267281 1.69065 0.641948
vt -4.48548 66.5612
v -0.260378 1.69695 0.642369
vt -4.75775 66.809
v -0.25846 1.69732 0.642486
vt -4.83341 66.8236
v -0.250658 1.69509 0.642963
vt -5.14112 66.736
v -0.248087 1.69154 0.64312
vt -5.24257 66.5961
v -0.245584 1.68506 0.643273
vt -5.34129 66.3409
v -0.2554 1.66177 0.642673
vt -4.95412 65.424
v -0.248156 1.67595 0.643116
vt -5.23981 65.9823
v -0.243455 1.68516 0.643403
vt -5.42525 66.3447
v -0.244931 1.69218 0.643313
vt -5.36704 66.6213
v -0.249607 1.69669 0.643027
vt -5.18261 66.7987
v -0.256542 1.69769 0.642604
vt -4.90907 66.8382
v -0.260378 1.69695 0.642369
v -0.267281 1.69065 0.641948
v -0.268631 1.68795 0.641865
v -0.268631 1.68795 0.641865
v -0.264029 1.70224 0.642146
vt -4.61376 67.0174
v -0.253896 1.70374 0.642765
vt -5.01341 67.0764
v -0.248827 1.70216 0.643075
vt -5.21335 67.014
v -0.246268 1.69986 0.643231
vt -5.31431 66.9235
v -0.243708 1.69756 0.643388
vt -5.41528 66.833
v -0.240447 1.6912 0.643587
vt -5.5439 66.5826
v -0.239558 1.68469 0.643641
vt -5.57897 66.3263
v -0.252561 1.66173 0.642847
vt -5.0661 65.4226
v -0.25365 1.65981 0.64278
vt -5.02314 65.3469
v -0.254739 1.65789 0.642714
vt -4.98018 65.2712
v -0.256645 1.65581 0.642597
vt -4.905 65.1894
f 311/444/19 310/443/19 316/449/19 315/448/19 345/478/19 344/477/19 343/476/19 342/475/19 341/474/19 340/473/19 339/472/19 353/486/19 352/485/19 354/487/19 355/488/19 356/489/19 357/490/19 358/491/19 359/492/19 360/493/19 361/494/19 362/495/19 363/496/19 364/497/19 365/498/19 366/499/19 367/500/19 368/501/19 369/502/19 370/503/19 371/504/19 372/505/19 373/506/19 374/496/19 375/495/19 376/494/19 377/494/19 347/480/19 346/479/19 314/447/19 338/471/19 337/470/19 378/507/19 379/508/19 380/509/19 381/510/19 382/511/19 383/512/19 384/513/19 385/514/19 386/515/19 387/516/19 388/517/19 313/446/19 312/445/19 

usemtl ThomThom___Complexion2
vn 0.0609799 -4.32674e-14 -0.998139
f 352/485/20 351/484/20 350/483/20 349/482/20 348/481/20 347/480/20 361/494/20 360/493/20 359/492/20 358/491/20 357/490/20 356/489/20 355/488/20 354/487/20 

vn 0.0609799 1.83812e-13 -0.998139
f 365/498/21 364/497/21 373/506/21 372/505/21 371/504/21 370/503/21 369/502/21 368/501/21 367/500/21 366/499/21 

vn 0.0609799 -3.078e-15 -0.998139
f 336/469/22 378/507/22 337/470/22

usemtl ThomThom___Hair1
v -0.300359 1.7372 0.639927
vt -3.18078 68.3938
vn 0.0609799 -4.27754e-15 -0.998139
v -0.281461 1.72881 0.641081
vt -3.92616 68.0633
v -0.251237 1.70784 0.642928
vt -5.1183 67.2379
v -0.295937 1.68985 0.640197
vt -3.35519 66.5296
v -0.297634 1.69195 0.640093
vt -3.28825 66.6122
v -0.297634 1.70339 0.640093
vt -3.28825 67.0626
v -0.293873 1.71717 0.640323
vt -3.43661 67.605
v -0.293832 1.72262 0.640325
vt -3.43819 67.8195
v -0.296928 1.73301 0.640136
vt -3.31609 68.2287
f 389/518/23 390/519/23 391/520/23 381/510/23 380/509/23 379/508/23 378/507/23 336/469/23 335/468/23 334/467/23 333/466/23 332/465/23 392/521/23 393/522/23 394/523/23 395/524/23 396/525/23 397/526/23 

usemtl ThomThom___Hair2
vn 0.0609799 -1.91133e-14 -0.998139
v -0.303789 1.7414 0.639717
vt -3.04546 68.5589
v -0.283305 1.73435 0.640969
vt -3.85343 68.2816
v -0.265491 1.72521 0.642057
vt -4.55607 67.9218
v -0.247291 1.7087 0.643169
vt -5.27394 67.2716
v -0.243708 1.70159 0.643388
vt -5.41528 66.9919
f 391/520/24 390/519/24 389/518/24 398/527/24 399/528/24 400/529/24 401/530/24 402/531/24 382/511/24 381/510/24 

usemtl ThomThom___Complexion2
v -0.416577 1.74529 0.632826
vt 1.40328 68.7123
vn 0.0609799 2.4087e-14 -0.998139
v -0.414291 1.74826 0.632966
vt 1.3131 68.8292
v -0.410701 1.75032 0.633185
vt 1.17151 68.9103
v -0.397748 1.75197 0.633977
vt 0.660618 68.9751
v -0.379682 1.75197 0.635081
vt -0.0519802 68.9751
v -0.335885 1.7488 0.637756
vt -1.7795 68.8504
v -0.332508 1.74529 0.637963
vt -1.9127 68.7124
v -0.359524 1.74854 0.636312
vt -0.847097 68.8401
v -0.387778 1.75042 0.634586
vt 0.267358 68.9144
v -0.396704 1.75042 0.634041
vt 0.619432 68.9144
v -0.40872 1.74936 0.633307
vt 1.09336 68.8725
v -0.411599 1.74853 0.633131
vt 1.20692 68.8398
v -0.415652 1.74549 0.632883
vt 1.36681 68.72
v -0.417245 1.74181 0.632786
vt 1.42963 68.575
f 403/532/25 404/533/25 405/534/25 406/535/25 407/536/25 408/537/25 398/527/25 389/518/25 409/538/25 410/539/25 411/540/25 412/541/25 413/542/25 414/543/25 415/544/25 416/545/25 

usemtl ThomThom___Hat2
v -0.448673 1.7656 0.630866
vt 2.66925 69.5117
vn 0.0609799 6.06133e-15 -0.998139
v -0.44574 1.76692 0.631045
vt 2.55357 69.5636
v -0.434881 1.76754 0.631708
vt 2.12527 69.5883
v -0.398123 1.76625 0.633954
vt 0.675401 69.5375
v -0.364463 1.76553 0.63601
vt -0.652261 69.5089
v -0.309595 1.76227 0.639362
vt -2.81646 69.3806
v -0.269173 1.75128 0.641832
vt -4.41085 68.9482
v -0.251553 1.7462 0.642908
vt -5.10584 68.7482
v -0.235751 1.73908 0.643874
vt -5.72912 68.4678
v -0.219068 1.72541 0.644893
vt -6.38716 67.9295
v -0.214929 1.71814 0.645146
vt -6.55043 67.6432
v -0.213057 1.70171 0.64526
vt -6.62427 66.9966
v -0.218713 1.68224 0.644915
vt -6.40117 66.2298
v -0.231494 1.66968 0.644134
vt -5.89702 65.7354
v -0.239927 1.66407 0.643619
vt -5.56442 65.5146
v -0.417251 1.7365 0.632785
vt 1.42988 68.366
v -0.417307 1.73384 0.632782
vt 1.43209 68.2616
v -0.417146 1.73266 0.632792
vt 1.42573 68.2151
v -0.417242 1.72407 0.632786
vt 1.42951 67.8766
v -0.41706 1.72166 0.632797
vt 1.42234 67.782
v -0.430689 1.73179 0.631964
vt 1.95991 68.1805
v -0.444471 1.74699 0.631122
vt 2.50352 68.7792
v -0.448988 1.75669 0.630846
vt 2.6817 69.1609
v -0.450121 1.76231 0.630777
vt 2.72636 69.3825
f 417/546/26 418/547/26 419/548/26 420/549/26 421/550/26 422/551/26 423/552/26 424/553/26 425/554/26 426/555/26 427/556/26 428/557/26 429/558/26 430/559/26 431/560/26 386/515/26 385/514/26 384/513/26 383/512/26 382/511/26 402/531/26 401/530/26 400/529/26 399/528/26 398/527/26 408/537/26 407/536/26 406/535/26 405/534/26 404/533/26 403/532/26 416/545/26 432/561/26 433/562/26 434/563/26 435/564/26 436/565/26 437/566/26 438/567/26 439/568/26 440/569/26 

usemtl ThomThom___Hat1
vn 0.0609799 8.05463e-15 -0.998139
v -0.417014 1.71942 0.6328
vt 1.42051 67.6937
v -0.422468 1.72373 0.632467
vt 1.63564 67.8635
v -0.431474 1.73085 0.631916
vt 1.99089 68.1438
v -0.443591 1.74387 0.631176
vt 2.46881 68.6564
v -0.456446 1.76279 0.630391
vt 2.97584 69.4011
v -0.457601 1.77021 0.63032
vt 3.02142 69.6931
v -0.454788 1.77356 0.630492
vt 2.91046 69.8253
v -0.448694 1.77571 0.630864
vt 2.67009 69.9097
v -0.430161 1.77312 0.631997
vt 1.9391 69.808
v -0.412749 1.77173 0.63306
vt 1.2523 69.7532
v -0.345892 1.77085 0.637145
vt -1.3848 69.7183
v -0.321599 1.7696 0.638629
vt -2.343 69.6694
v -0.284792 1.76463 0.640878
vt -3.79479 69.4734
v -0.263256 1.75979 0.642193
vt -4.64423 69.2832
v -0.238081 1.7507 0.643731
vt -5.63722 68.9254
v -0.21961 1.74028 0.64486
vt -6.36579 68.5149
v -0.205598 1.72406 0.645716
vt -6.91846 67.8764
v -0.200493 1.70639 0.646028
vt -7.11984 67.1806
v -0.200713 1.70125 0.646014
vt -7.11113 66.9784
v -0.209763 1.68287 0.645461
vt -6.75417 66.2548
v -0.222095 1.67024 0.644708
vt -6.26778 65.7576
v -0.237516 1.66168 0.643766
vt -5.6595 65.4204
v -0.247861 1.6594 0.643134
vt -5.25145 65.3308
f 421/550/27 420/549/27 419/548/27 418/547/27 417/546/27 440/569/27 439/568/27 438/567/27 437/566/27 436/565/27 441/570/27 442/571/27 443/572/27 444/573/27 445/574/27 446/575/27 447/576/27 448/577/27 449/578/27 450/579/27 451/580/27 452/581/27 453/582/27 454/583/27 455/584/27 456/585/27 457/586/27 458/587/27 459/588/27 460/589/27 461/590/27 462/591/27 463/592/27 387/516/27 386/515/27 431/560/27 430/559/27 429/558/27 428/557/27 427/556/27 426/555/27 425/554/27 424/553/27 423/552/27 422/551/27 

usemtl ThomThom___Complexion1
vn 0.0609799 -5.01385e-16 -0.998139
f 396/525/28 441/570/28 436/565/28

f 395/524/28 441/570/28 396/525/28

v -0.414839 1.70489 0.632933
vt 1.33474 67.1215
f 395/524/28 464/593/28 441/570/28

f 394/523/28 464/593/28 395/524/28

f 393/522/28 464/593/28 394/523/28

f 392/521/28 464/593/28 393/522/28

v -0.419458 1.67941 0.63265
vt 1.51693 66.1185
f 392/521/28 465/594/28 464/593/28

v -0.302742 1.67576 0.639781
vt -3.08675 65.975
f 466/595/28 465/594/28 392/521/28

v -0.390934 1.66792 0.634393
vt 0.391825 65.6663
f 467/596/28 465/594/28 466/595/28

v -0.39671 1.66792 0.63404
vt 0.619668 65.6663
f 468/597/28 465/594/28 467/596/28

v -0.402163 1.66568 0.633707
vt 0.834752 65.5779
f 469/598/28 465/594/28 468/597/28

v -0.41186 1.65607 0.633115
vt 1.21722 65.1998
f 470/599/28 465/594/28 469/598/28

v -0.41345 1.6461 0.633018
vt 1.27994 64.8072
f 471/600/28 465/594/28 470/599/28

v -0.417964 1.6438 0.632742
vt 1.45798 64.7167
f 471/600/28 472/601/28 465/594/28

v -0.41186 1.6361 0.633115
vt 1.21722 64.4135
f 473/602/28 472/601/28 471/600/28

v -0.406731 1.62895 0.633428
vt 1.01493 64.1317
f 474/603/28 472/601/28 473/602/28

v -0.405404 1.6224 0.633509
vt 0.962567 63.8742
f 472/601/28 474/603/28 475/604/28

v -0.400814 1.63375 0.633789
vt 0.781543 64.3207
f 476/605/28 475/604/28 474/603/28

v -0.402756 1.62102 0.633671
vt 0.858146 63.8198
f 475/604/28 476/605/28 477/606/28

usemtl ThomThom___Beard1
vn 0.0609799 -9.91291e-15 -0.998139
v -0.397034 1.6389 0.63402
vt 0.632434 64.5236
v -0.390132 1.6369 0.634442
vt 0.360185 64.4447
v -0.387524 1.63414 0.634601
vt 0.257318 64.3361
v -0.385518 1.62149 0.634724
vt 0.178188 63.8384
v -0.383783 1.61654 0.63483
vt 0.109757 63.6433
v -0.382803 1.61575 0.63489
vt 0.0711167 63.6121
v -0.369392 1.61164 0.635709
vt -0.45784 63.4503
v -0.357694 1.61164 0.636424
vt -0.919288 63.4503
v -0.336576 1.61733 0.637714
vt -1.75225 63.6744
v -0.322695 1.6276 0.638562
vt -2.29976 64.0789
v -0.299214 1.6241 0.639997
vt -3.22591 63.9411
v -0.307594 1.60866 0.639485
vt -2.89539 63.3329
v -0.320082 1.59646 0.638722
vt -2.40284 62.8529
v -0.341413 1.58999 0.637419
vt -1.56146 62.598
v -0.366037 1.58999 0.635914
vt -0.590202 62.598
v -0.37849 1.59211 0.635153
vt -0.0990032 62.6816
v -0.391111 1.59586 0.634382
vt 0.398797 62.8291
v -0.400996 1.60302 0.633778
vt 0.788693 63.111
v -0.409182 1.61299 0.633278
vt 1.11161 63.5035
v -0.412098 1.61866 0.6331
vt 1.2266 63.7268
f 476/605/29 478/607/29 479/608/29 480/609/29 481/610/29 482/611/29 483/612/29 484/613/29 485/614/29 486/615/29 487/616/29 466/595/29 392/521/29 332/465/29 488/617/29 489/618/29 490/619/29 491/620/29 492/621/29 493/622/29 494/623/29 495/624/29 496/625/29 497/626/29 472/601/29 475/604/29 477/606/29 

usemtl ThomThom___Complexion1
v -0.408059 1.63549 0.633347
vt 1.06728 64.3892
f 476/605/28 498/627/28 478/607/28

f 476/605/28 474/603/28 498/627/28

usemtl ThomThom___Beard2
v -0.375894 1.6498 0.635312
vt -0.201393 64.9528
vn 0.0609799 -7.34381e-15 -0.998139
v -0.366902 1.64852 0.635861
vt -0.556079 64.9024
v -0.36321 1.64702 0.636087
vt -0.701716 64.8432
v -0.359597 1.64377 0.636308
vt -0.844208 64.7154
v -0.354387 1.63435 0.636626
vt -1.04973 64.3445
v -0.352136 1.62891 0.636763
vt -1.1385 64.1303
v -0.351188 1.62182 0.636821
vt -1.17588 63.8512
v -0.353139 1.61594 0.636702
vt -1.09894 63.6196
v -0.354385 1.61476 0.636626
vt -1.04981 63.5733
v -0.352556 1.62133 0.636738
vt -1.12191 63.8317
v -0.354391 1.62987 0.636626
vt -1.04957 64.1682
v -0.363266 1.64432 0.636083
vt -0.699478 64.7372
v -0.391018 1.65122 0.634388
vt 0.395144 65.0087
v -0.405459 1.64905 0.633506
vt 0.964752 64.9232
v -0.408059 1.64581 0.633347
vt 1.06728 64.7955
v -0.408059 1.64272 0.633347
vt 1.06728 64.6739
v -0.408866 1.6355 0.633298
vt 1.09912 64.3896
v -0.409484 1.6389 0.63326
vt 1.12352 64.5236
v -0.409484 1.64468 0.63326
vt 1.12352 64.7512
v -0.407983 1.64792 0.633352
vt 1.06431 64.8787
v -0.406049 1.65055 0.63347
vt 0.988009 64.9824
v -0.393985 1.65283 0.634207
vt 0.512167 65.0722
v -0.389004 1.65283 0.634511
vt 0.315711 65.0722
f 499/628/30 500/629/30 501/630/30 502/631/30 503/632/30 504/633/30 505/634/30 506/635/30 507/636/30 508/637/30 509/638/30 510/639/30 511/640/30 512/641/30 513/642/30 514/643/30 498/627/30 474/603/30 515/644/30 516/645/30 517/646/30 518/647/30 519/648/30 520/649/30 521/650/30 

usemtl ThomThom___Beard1
vn 0.0609799 -5.62722e-15 -0.998139
v -0.376375 1.66474 0.635283
vt -0.182423 65.5409
v -0.359128 1.65371 0.636336
vt -0.862715 65.1066
v -0.352037 1.64611 0.636769
vt -1.14241 64.8075
v -0.346288 1.63496 0.637121
vt -1.36916 64.3686
v -0.346288 1.6224 0.637121
vt -1.36916 63.8742
f 502/631/31 501/630/31 500/629/31 499/628/31 521/650/31 520/649/31 519/648/31 518/647/31 517/646/31 516/645/31 515/644/31 474/603/31 473/602/31 471/600/31 470/599/31 469/598/31 468/597/31 467/596/31 522/651/31 523/652/31 524/653/31 525/654/31 526/655/31 506/635/31 505/634/31 504/633/31 503/632/31 

usemtl ThomThom___Complexion1
f 466/595/28 522/651/28 467/596/28

f 466/595/28 523/652/28 522/651/28

f 466/595/28 524/653/28 523/652/28

f 466/595/28 525/654/28 524/653/28

f 487/616/28 525/654/28 466/595/28

f 487/616/28 526/655/28 525/654/28

f 486/615/28 526/655/28 487/616/28

f 486/615/28 506/635/28 526/655/28

f 486/615/28 507/636/28 506/635/28

f 507/636/28 486/615/28 485/614/28

f 485/614/28 483/612/28 507/636/28

f 483/612/28 485/614/28 484/613/28

f 507/636/28 483/612/28 508/637/28

v -0.386183 1.63623 0.634683
vt 0.204453 64.4185
f 508/637/28 483/612/28 527/656/28

usemtl ThomThom___Beard2
vn 0.0609799 7.94376e-16 -0.998139
v -0.395969 1.64035 0.634085
vt 0.590444 64.5808
v -0.389317 1.63868 0.634492
vt 0.328035 64.5149
f 527/656/32 483/612/32 482/611/32 481/610/32 480/609/32 479/608/32 478/607/32 528/657/32 529/658/32 

usemtl ThomThom___Complexion1
f 478/607/28 514/643/28 528/657/28

f 478/607/28 498/627/28 514/643/28

f 510/639/28 528/657/28 514/643/28

f 510/639/28 529/658/28 528/657/28

f 510/639/28 527/656/28 529/658/28

f 509/638/28 527/656/28 510/639/28

f 508/637/28 527/656/28 509/638/28

f 510/639/28 514/643/28 513/642/28

f 510/639/28 513/642/28 511/640/28

f 511/640/28 513/642/28 512/641/28

usemtl ThomThom___Beard2
vn 0.0609799 -6.46879e-15 -0.998139
v -0.296471 1.61582 0.640164
vt -3.33412 63.615
v -0.313118 1.59491 0.639147
vt -2.67751 62.7919
v -0.322436 1.58844 0.638578
vt -2.30997 62.5371
v -0.334127 1.58382 0.637864
vt -1.84885 62.3553
v -0.349411 1.58142 0.63693
vt -1.24598 62.2607
v -0.379003 1.58364 0.635122
vt -0.0787776 62.3481
v -0.38968 1.58773 0.63447
vt 0.342369 62.5089
v -0.394806 1.59219 0.634157
vt 0.544549 62.6845
v -0.394765 1.59465 0.634159
vt 0.542925 62.7816
v -0.404083 1.60305 0.63359
vt 0.910478 63.1123
v -0.410913 1.61358 0.633173
vt 1.17986 63.5269
f 494/623/33 493/622/33 492/621/33 491/620/33 490/619/33 489/618/33 488/617/33 332/465/33 331/464/33 530/659/33 531/660/33 532/661/33 533/662/33 534/663/33 535/664/33 536/665/33 537/666/33 538/667/33 539/668/33 540/669/33 497/626/33 496/625/33 495/624/33 

usemtl ThomThom___Complexion2
vn 0.0609799 -9.30102e-16 -0.998139
v -0.354391 1.55702 0.636626
vt -1.04955 61.3
v -0.382643 1.56538 0.6349
vt 0.0648232 61.629
v -0.394185 1.57204 0.634194
vt 0.520072 61.8915
f 531/660/34 530/659/34 331/464/34 330/463/34 329/462/34 328/461/34 327/460/34 326/459/34 325/458/34 324/457/34 323/456/34 322/455/34 321/454/34 320/453/34 319/452/34 318/451/34 317/450/34 541/670/34 542/671/34 543/672/34 277/410/34 537/666/34 536/665/34 535/664/34 534/663/34 533/662/34 532/661/34 

usemtl ThomThom___Jumper2
vn 0.0609799 3.04916e-15 -0.998139
f 279/412/35 278/411/35 277/410/35 543/672/35 542/671/35 541/670/35 317/450/35 286/419/35 285/418/35 284/417/35 283/416/35 282/415/35 281/414/35 280/413/35 

usemtl ThomThom___Complexion1
f 396/525/28 436/565/28 435/564/28

v -0.324324 1.72733 0.638463
vt -2.23551 68.0052
f 396/525/28 435/564/28 544/673/28

f 434/563/28 544/673/28 435/564/28

v -0.333184 1.73221 0.637921
vt -1.88601 68.1971
f 544/673/28 434/563/28 545/674/28

v -0.352032 1.73299 0.63677
vt -1.14259 68.2281
f 545/674/28 434/563/28 546/675/28

v -0.356715 1.73299 0.636484
vt -0.957902 68.2281
f 546/675/28 434/563/28 547/676/28

v -0.415625 1.73338 0.632885
vt 1.36572 68.2433
f 548/677/28 547/676/28 434/563/28

v -0.361164 1.73505 0.636212
vt -0.782387 68.3091
f 547/676/28 548/677/28 549/678/28

v -0.41484 1.7358 0.632933
vt 1.33476 68.3385
f 549/678/28 548/677/28 550/679/28

usemtl ThomThom___Beard2
v -0.415268 1.73651 0.632906
vt 1.35166 68.3664
vn 0.0609799 1.60453e-13 -0.998139
v -0.413827 1.73823 0.632994
vt 1.29481 68.4344
v -0.411944 1.73896 0.63311
vt 1.22054 68.463
v -0.406591 1.73854 0.633437
vt 1.00938 68.4463
v -0.402196 1.7381 0.633705
vt 0.836035 68.4292
v -0.396908 1.73904 0.634028
vt 0.627468 68.466
v -0.396908 1.73735 0.634028
vt 0.627468 68.3994
v -0.402541 1.73654 0.633684
vt 0.849636 68.3678
v -0.406481 1.73775 0.633443
vt 1.00507 68.4155
v -0.411811 1.73841 0.633118
vt 1.21528 68.4415
v -0.413386 1.73771 0.633021
vt 1.27743 68.4136
v -0.415828 1.73385 0.632872
vt 1.37373 68.2616
f 551/680/36 552/681/36 553/682/36 554/683/36 555/684/36 556/685/36 557/686/36 558/687/36 559/688/36 560/689/36 561/690/36 550/679/36 548/677/36 434/563/36 562/691/36 

usemtl ThomThom___Beard1
vn 0.0609799 2.89271e-14 -0.998139
v -0.414566 1.73974 0.632949
vt 1.32396 68.4937
v -0.410433 1.7424 0.633202
vt 1.16095 68.5983
v -0.405712 1.7424 0.63349
vt 0.974729 68.5983
v -0.400118 1.74086 0.633832
vt 0.754099 68.5379
f 553/682/37 552/681/37 551/680/37 562/691/37 434/563/37 433/562/37 563/692/37 564/693/37 565/694/37 566/695/37 556/685/37 555/684/37 554/683/37 

usemtl ThomThom___Complexion1
f 432/561/28 563/692/28 433/562/28

f 563/692/28 432/561/28 416/545/28

f 563/692/28 416/545/28 564/693/28

f 564/693/28 416/545/28 415/544/28

f 564/693/28 415/544/28 565/694/28

f 565/694/28 415/544/28 409/538/28

f 409/538/28 415/544/28 410/539/28

f 410/539/28 415/544/28 414/543/28

f 410/539/28 414/543/28 413/542/28

f 410/539/28 413/542/28 411/540/28

f 411/540/28 413/542/28 412/541/28

f 409/538/28 566/695/28 565/694/28

v -0.364732 1.73997 0.635994
vt -0.641677 68.5026
f 409/538/28 567/696/28 566/695/28

v -0.343821 1.73905 0.637271
vt -1.46648 68.4666
f 409/538/28 568/697/28 567/696/28

v -0.337801 1.73745 0.637639
vt -1.70393 68.4036
f 409/538/28 569/698/28 568/697/28

f 389/518/28 569/698/28 409/538/28

f 397/526/28 569/698/28 389/518/28

v -0.328134 1.73119 0.63823
vt -2.08524 68.1573
f 397/526/28 570/699/28 569/698/28

f 397/526/28 544/673/28 570/699/28

f 396/525/28 544/673/28 397/526/28

usemtl ThomThom___Beard1
v -0.361582 1.73618 0.636186
vt -0.765912 68.3535
vn 0.0609799 3.53833e-14 -0.998139
v -0.364459 1.73618 0.636011
vt -0.65244 68.3535
v -0.367429 1.7385 0.635829
vt -0.535276 68.4449
v -0.35777 1.73781 0.636419
vt -0.916272 68.4178
v -0.350444 1.73781 0.636867
vt -1.20525 68.4178
v -0.334098 1.73315 0.637865
vt -1.84999 68.2342
v -0.339776 1.73499 0.637519
vt -1.62603 68.3068
v -0.346403 1.73499 0.637114
vt -1.36462 68.3068
v -0.352337 1.73382 0.636751
vt -1.13058 68.2605
v -0.356229 1.73382 0.636513
vt -0.97704 68.2605
f 571/700/38 572/701/38 573/702/38 567/696/38 574/703/38 575/704/38 568/697/38 569/698/38 570/699/38 544/673/38 576/705/38 577/706/38 578/707/38 579/708/38 580/709/38 

usemtl ThomThom___Beard2
vn 0.0609799 -3.61738e-14 -0.998139
v -0.339723 1.73461 0.637522
vt -1.6281 68.2919
v -0.346243 1.73413 0.637123
vt -1.37094 68.2728
v -0.365515 1.73618 0.635946
vt -0.610794 68.3535
f 573/702/39 572/701/39 571/700/39 580/709/39 579/708/39 578/707/39 577/706/39 576/705/39 544/673/39 545/674/39 581/710/39 582/711/39 546/675/39 547/676/39 549/678/39 583/712/39 

usemtl ThomThom___Complexion1
f 545/674/28 546/675/28 581/710/28

f 581/710/28 546/675/28 582/711/28

f 549/678/28 550/679/28 583/712/28

f 583/712/28 550/679/28 558/687/28

f 558/687/28 550/679/28 561/690/28

f 558/687/28 561/690/28 559/688/28

f 559/688/28 561/690/28 560/689/28

f 558/687/28 573/702/28 583/712/28

f 573/702/28 558/687/28 557/686/28

f 573/702/28 557/686/28 556/685/28

f 573/702/28 556/685/28 567/696/28

f 567/696/28 556/685/28 566/695/28

f 567/696/28 575/704/28 574/703/28

f 575/704/28 567/696/28 568/697/28

usemtl ThomThom___Hat3
vn 0.0609799 9.07163e-15 -0.998139
v -0.453499 1.7751 0.630571
vt 2.85963 69.8859
v -0.447539 1.77784 0.630935
vt 2.62454 69.9938
v -0.416605 1.77382 0.632825
vt 1.40437 69.8356
v -0.328185 1.77186 0.638227
vt -2.08322 69.7583
v -0.296986 1.7693 0.640133
vt -3.31379 69.6575
v -0.260735 1.76257 0.642347
vt -4.74366 69.3924
v -0.230998 1.7507 0.644164
vt -5.9166 68.9253
v -0.21604 1.74043 0.645078
vt -6.50659 68.5209
v -0.205381 1.72872 0.645729
vt -6.92702 68.06
v -0.200101 1.71549 0.646052
vt -7.13528 67.539
f 449/578/40 448/577/40 447/576/40 584/713/40 585/714/40 586/715/40 587/716/40 588/717/40 589/718/40 590/719/40 591/720/40 592/721/40 593/722/40 458/587/40 457/586/40 456/585/40 455/584/40 454/583/40 453/582/40 452/581/40 451/580/40 450/579/40 

usemtl ThomThom___Hat1
v -0.392203 1.8406 0.634316
vt 0.441875 72.4644
vn 0.0609799 2.69324e-15 -0.998139
v -0.390184 1.84186 0.634439
vt 0.362231 72.5142
v -0.371357 1.85063 0.635589
vt -0.380348 72.8595
v -0.353779 1.85293 0.636663
vt -1.07369 72.9499
v -0.328385 1.85196 0.638214
vt -2.07533 72.9119
v -0.292326 1.84415 0.640417
vt -3.4976 72.6045
v -0.264393 1.83259 0.642124
vt -4.59937 72.1492
v -0.247113 1.81984 0.64318
vt -5.28098 71.6474
v -0.235113 1.80552 0.643913
vt -5.75429 71.0834
v -0.230014 1.78983 0.644224
vt -5.9554 70.4657
v -0.228572 1.77966 0.644312
vt -6.01229 70.0654
v -0.403072 1.82375 0.633652
vt 0.870594 71.8012
v -0.39756 1.83454 0.633988
vt 0.653165 72.2258
f 594/723/41 595/724/41 596/725/41 597/726/41 598/727/41 599/728/41 600/729/41 601/730/41 602/731/41 603/732/41 604/733/41 590/719/41 589/718/41 588/717/41 587/716/41 586/715/41 605/734/41 606/735/41 

usemtl ThomThom___Hat3
v -0.22783 1.78851 0.644358
vt -6.04154 70.4139
vn 0.0609799 -5.37383e-15 -0.998139
v -0.376906 1.85018 0.63525
vt -0.161468 72.8417
v -0.363369 1.85392 0.636077
vt -0.695444 72.9891
v -0.342318 1.85545 0.637363
vt -1.52576 73.0491
v -0.321267 1.85392 0.638649
vt -2.35607 72.9891
v -0.303069 1.85027 0.639761
vt -3.07389 72.8455
v -0.276756 1.84122 0.641369
vt -4.11174 72.4888
v -0.258529 1.83163 0.642482
vt -4.83069 72.1115
v -0.241085 1.81723 0.643548
vt -5.51873 71.5445
v -0.233475 1.80688 0.644013
vt -5.81889 71.1369
f 607/736/42 604/733/42 603/732/42 602/731/42 601/730/42 600/729/42 599/728/42 598/727/42 597/726/42 596/725/42 595/724/42 608/737/42 609/738/42 610/739/42 611/740/42 612/741/42 613/742/42 614/743/42 615/744/42 616/745/42 

usemtl ThomThom___Waistcoat1
v -0.174187 1.52409 0.647635
vt -1.38133 10.1121
vt -0.714795 10.1047
vt -0.891812 10.3279
f 617/746/10 244/747/10 271/748/10

v -0.179231 1.51897 0.647327
vt -1.34764 10.078
f 618/749/10 244/747/10 617/746/10

vt -0.693053 10.0765
f 618/749/10 245/750/10 244/747/10

vt -0.687089 10.0703
f 618/749/10 246/751/10 245/750/10

vt -0.649636 10.0312
f 618/749/10 247/752/10 246/751/10

v -0.183226 1.50947 0.647083
vt -1.32095 10.0146
f 619/753/10 247/752/10 618/749/10

v -0.186844 1.49587 0.646862
vt -1.29679 9.92402
f 620/754/10 247/752/10 619/753/10

v -0.189472 1.4903 0.646701
vt -1.27923 9.88689
f 621/755/10 247/752/10 620/754/10

v -0.191734 1.47766 0.646563
vt -1.26412 9.80263
f 622/756/10 247/752/10 621/755/10

vt -0.487014 9.7675
f 622/756/10 248/757/10 247/752/10

vt -0.431208 9.69986
f 622/756/10 249/758/10 248/757/10

v -0.193565 1.46207 0.646451
vt -1.2519 9.69866
f 623/759/10 249/758/10 622/756/10

v -0.195092 1.44776 0.646358
vt -1.2417 9.60327
f 624/760/10 249/758/10 623/759/10

f 237/368/10 249/758/10 624/760/10

f 237/368/10 238/369/10 249/758/10

usemtl ThomThom___Jumper2
v -0.129421 1.2268 0.65037
vt -9.92315 48.2992
vn 0.0609799 6.87336e-17 -0.998139
v -0.134787 1.21755 0.650042
vt -9.7115 47.9351
v -0.14497 1.209 0.64942
vt -9.30984 47.5983
v -0.150651 1.20624 0.649073
vt -9.08578 47.49
v -0.153015 1.20183 0.648928
vt -8.99254 47.3162
v -0.152215 1.19743 0.648977
vt -9.02409 47.1431
v -0.1462 1.1924 0.649345
vt -9.26134 46.9449
v -0.14359 1.19054 0.649504
vt -9.3643 46.8718
v -0.142379 1.18658 0.649578
vt -9.41205 46.7156
v -0.143413 1.18299 0.649515
vt -9.37127 46.5743
v -0.149023 1.17995 0.649172
vt -9.14996 46.4547
v -0.151243 1.17622 0.649037
vt -9.06241 46.3078
v -0.151243 1.17318 0.649037
vt -9.06241 46.1881
v -0.150097 1.17016 0.649107
vt -9.1076 46.0694
v -0.149023 1.16896 0.649172
vt -9.14996 46.0219
v -0.147264 1.16433 0.64928
vt -9.21934 45.8397
v -0.147292 1.15654 0.649278
vt -9.21824 45.533
v -0.152457 1.14744 0.648963
vt -9.01454 45.1747
v -0.152457 1.12955 0.648963
vt -9.01454 44.4703
v -0.160877 1.10333 0.648448
vt -8.68242 43.4382
v -0.169023 1.0897 0.64795
vt -8.36112 42.9014
v -0.172839 1.07648 0.647717
vt -8.2106 42.381
v -0.172839 1.06387 0.647717
vt -8.2106 41.8845
v -0.178452 1.05448 0.647374
vt -7.9892 41.5151
v -0.174237 1.04329 0.647632
vt -8.15543 41.0745
v -0.166344 1.03311 0.648114
vt -8.46676 40.6738
v -0.166344 1.02404 0.648114
vt -8.46676 40.3165
v -0.168811 1.01762 0.647963
vt -8.36946 40.0637
v -0.174237 1.01762 0.647632
vt -8.15543 40.0637
v -0.178587 1.0122 0.647366
vt -7.98387 39.8505
v -0.182263 1.00343 0.647142
vt -7.83886 39.5051
v -0.184626 1.00725 0.646997
vt -7.74566 39.6555
v -0.1805 1.01417 0.647249
vt -7.90844 39.9279
v -0.170851 1.02333 0.647839
vt -8.28899 40.2887
v -0.178754 1.03383 0.647356
vt -7.97728 40.7021
vt -7.84733 41.095
vt -7.89119 41.195
vt -7.81685 41.6282
vt -8.12064 42.1355
vt -8.1282 42.5961
vt -8.35901 43.2039
v -0.165925 1.10908 0.64814
vt -8.48331 43.6646
v -0.163472 1.11979 0.64829
vt -8.58006 44.0863
v -0.162628 1.12874 0.648341
vt -8.61336 44.4387
v -0.162605 1.14024 0.648343
vt -8.61426 44.8913
v -0.160962 1.15048 0.648443
vt -8.67906 45.2946
v -0.16055 1.15489 0.648468
vt -8.69532 45.4681
v -0.160341 1.16259 0.648481
vt -8.70355 45.7712
v -0.15949 1.17947 0.648533
vt -8.73714 46.4357
v -0.161663 1.19143 0.6484
vt -8.65142 46.9067
v -0.161472 1.20175 0.648412
vt -8.65897 47.3132
v -0.161976 1.21593 0.648381
vt -8.63906 47.8713
vt -8.53722 48.2646
vt -8.34257 49.8076
vt -8.34257 50.3525
vt -7.72975 53.6941
vt -7.55013 54.6735
vt -7.33286 56.4692
vt -7.33286 56.9984
vt -7.3931 57.5617
v -0.18769 1.48833 0.64681
vt -7.6248 58.5955
v -0.182297 1.5021 0.647139
vt -7.83755 59.1379
v -0.177982 1.51174 0.647403
vt -8.00774 59.5175
v -0.170779 1.52188 0.647843
vt -8.29186 59.9166
v -0.163801 1.52119 0.648269
vt -8.5671 59.8894
v -0.169965 1.52011 0.647893
vt -8.32394 59.8469
v -0.175267 1.5134 0.647569
vt -8.11483 59.5826
v -0.182699 1.49688 0.647115
vt -7.8217 58.9322
v -0.191425 1.46312 0.646582
vt -7.47749 57.6032
v -0.193772 1.44428 0.646438
vt -7.38494 56.8614
v -0.191823 1.42448 0.646558
vt -7.4618 56.0821
v -0.180832 1.35487 0.647229
vt -7.89531 53.3413
v -0.177844 1.35151 0.647412
vt -8.01316 53.2091
v -0.174282 1.35106 0.647629
vt -8.15366 53.1912
v -0.171193 1.35244 0.647818
vt -8.27553 53.2458
v -0.163679 1.36315 0.648277
vt -8.57189 53.6675
v -0.157439 1.37875 0.648658
vt -8.81801 54.2816
v -0.153636 1.39303 0.64889
vt -8.96801 54.8438
v -0.154738 1.38165 0.648823
vt -8.92456 54.3956
v -0.160633 1.36116 0.648463
vt -8.69203 53.5891
v -0.17317 1.33267 0.647697
vt -8.19755 52.4674
v -0.17317 1.32106 0.647697
vt -8.19755 52.0103
v -0.166464 1.28873 0.648107
vt -8.46206 50.7375
v -0.163214 1.24244 0.648305
vt -8.59024 48.9148
v -0.163214 1.23375 0.648305
vt -8.59024 48.5727
v -0.161351 1.23153 0.648419
vt -8.66373 48.4853
v -0.157589 1.22935 0.648649
vt -8.8121 48.3998
v -0.154459 1.22935 0.64884
vt -8.93557 48.3998
v -0.149687 1.23109 0.649132
vt -9.12379 48.468
v -0.146189 1.23482 0.649345
vt -9.26177 48.6152
v -0.147052 1.23117 0.649293
vt -9.22774 48.4711
v -0.152433 1.22368 0.648964
vt -9.01547 48.1765
v -0.15248 1.21963 0.648961
vt -9.01362 48.0168
v -0.150102 1.21789 0.649106
vt -9.10742 47.9484
v -0.138544 1.22005 0.649812
vt -9.5633 48.0336
f 625/761/43 626/762/43 627/763/43 628/764/43 629/765/43 630/766/43 631/767/43 632/768/43 633/769/43 634/770/43 635/771/43 636/772/43 637/773/43 638/774/43 639/775/43 640/776/43 641/777/43 642/778/43 643/779/43 644/780/43 645/781/43 646/782/43 647/783/43 648/784/43 649/785/43 650/786/43 651/787/43 652/788/43 653/789/43 654/790/43 655/791/43 656/792/43 657/793/43 658/794/43 659/795/43 158/796/43 157/797/43 156/798/43 155/799/43 154/800/43 153/801/43 660/802/43 661/803/43 662/804/43 663/805/43 664/806/43 665/807/43 666/808/43 667/809/43 668/810/43 669/811/43 670/812/43 142/813/43 141/814/43 140/815/43 139/816/43 236/817/43 237/818/43 624/819/43 623/820/43 671/821/43 672/822/43 673/823/43 674/824/43 675/825/43 676/826/43 677/827/43 678/828/43 679/829/43 680/830/43 681/831/43 682/832/43 683/833/43 684/834/43 685/835/43 686/836/43 687/837/43 688/838/43 689/839/43 690/840/43 691/841/43 692/842/43 693/843/43 694/844/43 695/845/43 696/846/43 697/847/43 698/848/43 699/849/43 700/850/43 701/851/43 702/852/43 703/853/43 704/854/43 705/855/43 

usemtl ThomThom___Jumper1
vn 0.0609799 1.19961e-16 -0.998139
v -0.162331 1.52105 0.648359
vt -8.62505 59.8837
v -0.139694 1.51298 0.649742
vt -9.51795 59.566
v -0.118299 1.49888 0.651049
vt -10.3619 59.0111
v -0.105181 1.47536 0.651851
vt -10.8793 58.085
v -0.100733 1.46376 0.652123
vt -11.0547 57.6282
v -0.0937506 1.43921 0.652549
vt -11.3301 56.6616
v -0.0843718 1.3975 0.653122
vt -11.7001 55.0197
v -0.0786343 1.35731 0.653473
vt -11.9264 53.4374
v -0.0782593 1.34586 0.653496
vt -11.9411 52.9867
v -0.0764577 1.32859 0.653606
vt -12.0122 52.3065
v -0.0746491 1.3144 0.653716
vt -12.0835 51.7479
v -0.0748966 1.29801 0.653701
vt -12.0738 51.1026
v -0.0721952 1.28156 0.653866
vt -12.1803 50.455
v -0.0721952 1.2613 0.653866
vt -12.1803 49.6573
v -0.0683755 1.23506 0.654099
vt -12.331 48.6243
v -0.0672126 1.21037 0.65417
vt -12.3769 47.6524
v -0.0672126 1.19873 0.65417
vt -12.3769 47.1941
v -0.0711778 1.18838 0.653928
vt -12.2205 46.7868
v -0.074497 1.16631 0.653725
vt -12.0895 45.9178
v -0.0745677 1.16527 0.653721
vt -12.0868 45.8767
v -0.0700726 1.15612 0.653996
vt -12.2641 45.5166
v -0.0705641 1.14888 0.653966
vt -12.2447 45.2313
v -0.0732187 1.13634 0.653803
vt -12.14 44.7379
v -0.074468 1.11285 0.653727
vt -12.0907 43.813
v -0.0781326 1.0991 0.653503
vt -11.9461 43.2717
v -0.0852653 1.0816 0.653067
vt -11.6648 42.5828
v -0.0867803 1.07313 0.652975
vt -11.605 42.2492
v -0.0868442 1.06336 0.652971
vt -11.6025 41.8644
v -0.0920096 1.05478 0.652655
vt -11.3988 41.5267
v -0.0939283 1.0453 0.652538
vt -11.3231 41.1534
v -0.098193 1.03552 0.652278
vt -11.1549 40.7687
v -0.101624 1.02422 0.652068
vt -11.0196 40.3235
v -0.113141 0.99892 0.651364
vt -10.5653 39.3275
v -0.123066 0.982252 0.650758
vt -10.1738 38.6713
v -0.129948 0.964236 0.650338
vt -9.90236 37.962
v -0.132934 0.955445 0.650155
vt -9.7846 37.6159
v -0.137943 0.937234 0.649849
vt -9.58703 36.899
v -0.140002 0.931717 0.649723
vt -9.50579 36.6818
v -0.142383 0.928099 0.649578
vt -9.41188 36.5393
v -0.143611 0.924169 0.649503
vt -9.36347 36.3846
v -0.14827 0.922218 0.649218
vt -9.17966 36.3078
v -0.146417 0.926186 0.649331
vt -9.25276 36.464
v -0.143857 0.93352 0.649488
vt -9.35376 36.7528
v -0.142965 0.939271 0.649542
vt -9.38892 36.9792
v -0.143482 0.943732 0.649511
vt -9.36855 37.1548
v -0.144689 0.946717 0.649437
vt -9.32093 37.2723
v -0.15431 0.955677 0.648849
vt -8.94146 37.6251
v -0.157976 0.958234 0.648625
vt -8.79684 37.7257
v -0.172436 0.968316 0.647742
vt -8.2265 38.1227
v -0.188115 0.985004 0.646784
vt -7.60804 38.7797
v -0.188024 0.988373 0.64679
vt -7.61165 38.9123
v -0.181089 0.992432 0.647213
vt -7.88517 39.0721
v -0.179488 0.996115 0.647311
vt -7.94834 39.2171
v -0.179901 0.999606 0.647286
vt -7.93206 39.3546
f 702/852/44 701/851/44 700/850/44 699/849/44 698/848/44 697/847/44 696/846/44 695/845/44 694/844/44 693/843/44 692/842/44 691/841/44 690/840/44 689/839/44 688/838/44 687/837/44 686/836/44 685/835/44 684/834/44 683/833/44 682/832/44 681/831/44 680/830/44 679/829/44 678/828/44 677/827/44 676/826/44 675/825/44 706/856/44 707/857/44 708/858/44 709/859/44 710/860/44 711/861/44 712/862/44 713/863/44 714/864/44 715/865/44 716/866/44 717/867/44 718/868/44 719/869/44 720/870/44 721/871/44 722/872/44 723/873/44 724/874/44 725/875/44 726/876/44 727/877/44 728/878/44 729/879/44 730/880/44 731/881/44 732/882/44 733/883/44 734/884/44 735/885/44 736/886/44 737/887/44 738/888/44 739/889/44 740/890/44 741/891/44 742/892/44 743/893/44 744/894/44 745/895/44 746/896/44 747/897/44 748/898/44 749/899/44 750/900/44 751/901/44 752/902/44 753/903/44 754/904/44 755/905/44 756/906/44 757/907/44 758/908/44 759/909/44 655/791/44 654/790/44 653/789/44 652/788/44 651/787/44 650/786/44 649/785/44 648/784/44 647/783/44 646/782/44 645/781/44 644/780/44 643/779/44 642/778/44 641/777/44 640/776/44 639/775/44 638/774/44 637/773/44 636/772/44 635/771/44 634/770/44 633/769/44 632/768/44 631/767/44 630/766/44 629/765/44 628/764/44 627/763/44 626/762/44 625/761/44 705/855/44 704/854/44 703/853/44 

usemtl ThomThom___Waistcoat2
vt -1.4134 9.7663
vn 0.0609799 1.39659e-14 -0.998139
vt -1.4039 9.76724
vt -1.3588 9.77171
vt -1.31224 9.70629
vt -1.28435 9.64409
vt -1.24948 9.55521
vt -1.21151 9.3858
vt -1.22335 9.48642
vt -1.23797 9.56796
vt -1.25496 9.60389
vt -1.27834 9.6916
vt -1.30416 9.75294
vt -1.33677 9.78594
v -0.170419 1.52608 0.647865
vt -1.36112 9.79881
v -0.16679 1.52565 0.648087
vt -1.38458 9.796
v -0.16277 1.52305 0.648332
vt -1.41056 9.77925
f 706/910/45 675/911/45 674/912/45 673/913/45 672/914/45 671/915/45 623/916/45 622/917/45 621/918/45 620/919/45 619/920/45 618/921/45 617/922/45 760/923/45 761/924/45 762/925/45 

usemtl ThomThom___Waistcoat1
vt -1.40649 10.1254
f 617/746/10 271/748/10 760/926/10

v -0.1662 1.52763 0.648123
vt -1.43467 10.1358
f 760/926/10 271/748/10 763/927/10

v -0.189804 1.53823 0.646681
vt -1.27702 10.2064
f 763/927/10 271/748/10 764/928/10

v -0.22456 1.56146 0.644557
vt -1.04487 10.3613
f 764/928/10 271/748/10 765/929/10

v -0.238895 1.5643 0.643682
vt -0.949135 10.3802
f 765/929/10 271/748/10 766/930/10

vt -1.43073 10.1225
f 763/927/10 761/931/10 760/926/10

v -0.163209 1.52506 0.648306
vt -1.45465 10.1186
f 767/932/10 761/931/10 763/927/10

vt -1.45758 10.1052
f 761/931/10 767/932/10 762/933/10

usemtl ThomThom___Complexion2
v -0.15089 0.939881 0.649058
vt -9.07634 37.0032
vn 0.0609799 2.0916e-15 -0.998139
v -0.153381 0.948514 0.648906
vt -8.9781 37.3431
v -0.148399 0.926698 0.64921
vt -9.17458 36.4842
v -0.148399 0.931248 0.64921
vt -9.17458 36.6633
f 768/934/46 769/935/46 753/903/46 752/902/46 751/901/46 750/900/46 749/899/46 748/898/46 747/897/46 746/896/46 770/936/46 771/937/46 

usemtl ThomThom___Trousers2
v -0.201866 1.00611 0.645944
vt -1.15786 6.44415
vn 0.0609799 -3.15735e-15 -0.998139
v -0.196065 1.00225 0.646298
vt -1.19535 6.41924
vt -1.26929 6.4515
vt -1.28456 6.42684
vt -1.29984 6.40218
vt -1.3025 6.37965
vt -1.29215 6.3559
vt -1.24733 6.32971
vt -1.24674 6.30797
vt -1.34808 6.20031
vt -1.44155 6.13526
vt -1.47125 6.07255
vt -1.48735 6.01686
v -0.160316 0.954865 0.648482
vt -1.42642 6.11353
v -0.175126 0.965191 0.647578
vt -1.3307 6.18015
v -0.192256 0.983424 0.646531
vt -1.21997 6.29778
v -0.192057 0.990765 0.646543
vt -1.22126 6.34514
v -0.196829 0.99353 0.646252
vt -1.19041 6.36298
v -0.202294 0.997168 0.645918
vt -1.15509 6.38645
v -0.216835 0.989383 0.645029
vt -1.0611 6.33622
v -0.244513 0.98218 0.643338
vt -0.882203 6.28975
v -0.270148 0.978263 0.641772
vt -0.716506 6.26448
v -0.307202 0.97572 0.639509
vt -0.477003 6.24807
v -0.34223 0.976395 0.637369
vt -0.250598 6.25243
v -0.327439 0.977584 0.638272
vt -0.346199 6.2601
v -0.256939 0.984905 0.642579
vt -0.801887 6.30733
v -0.224109 0.994204 0.644585
vt -1.01409 6.36732
f 772/938/47 773/939/47 656/940/47 655/941/47 759/942/47 758/943/47 757/944/47 756/945/47 755/946/47 754/947/47 753/948/47 769/949/47 768/950/47 774/951/47 775/952/47 776/953/47 777/954/47 778/955/47 779/956/47 780/957/47 781/958/47 782/959/47 783/960/47 784/961/47 785/962/47 786/963/47 787/964/47 

usemtl ThomThom___Jumper2
v -0.185444 1.03433 0.646947
vt -7.7134 40.7218
vn 0.0609799 -7.50908e-16 -0.998139
v -0.187008 1.03769 0.646852
vt -7.65172 40.8538
v -0.20921 1.04016 0.645495
vt -6.77601 40.9511
v -0.228174 1.04016 0.644337
vt -6.02798 40.9511
v -0.267965 1.03336 0.641906
vt -4.45851 40.6835
v -0.298421 1.03081 0.640045
vt -3.2572 40.583
v -0.318204 1.03363 0.638836
vt -2.4769 40.6942
v -0.336958 1.0391 0.637691
vt -1.73715 40.9096
v -0.354352 1.05095 0.636628
vt -1.05109 41.3759
v -0.368319 1.06753 0.635775
vt -0.500189 42.0289
v -0.375348 1.08753 0.635345
vt -0.222942 42.8162
vt -0.0489856 42.9931
vt -0.136748 43.1524
vt -0.526789 42.3132
vt -1.00848 41.6998
vt -1.51382 41.322
vt -2.57916 40.8041
vt -3.39389 40.7838
vt -4.34671 40.8468
vt -6.56486 41.1136
vt -7.53698 41.0995
vt -7.29447 39.4587
vt -7.06566 39.6107
vt -6.18834 39.1419
vt -4.8934 38.7758
vt -2.11263 38.4876
vt -1.52924 38.4407
v -0.372839 0.98228 0.635499
vt -0.321885 38.6724
v -0.363958 0.981784 0.636041
vt -0.672177 38.6529
v -0.340391 0.978638 0.637481
vt -1.60176 38.529
v -0.265843 0.988653 0.642035
vt -4.54218 38.9233
v -0.245421 0.992671 0.643283
vt -5.34769 39.0815
v -0.22959 0.999198 0.64425
vt -5.97212 39.3385
v -0.20297 1.00944 0.645876
vt -7.02213 39.7418
v -0.193492 1.00702 0.646456
vt -7.39595 39.6464
v -0.189734 1.01302 0.646685
vt -7.5442 39.8829
v -0.180892 1.01966 0.647225
vt -7.89297 40.1442
v -0.177924 1.02267 0.647407
vt -8.01003 40.2627
v -0.179454 1.02696 0.647313
vt -7.94969 40.4313
f 788/965/48 789/966/48 790/967/48 791/968/48 792/969/48 793/970/48 794/971/48 795/972/48 796/973/48 797/974/48 798/975/48 116/976/48 117/977/48 166/978/48 165/979/48 164/980/48 163/981/48 162/982/48 161/983/48 160/984/48 159/985/48 158/796/48 659/795/48 658/794/48 657/793/48 656/792/48 773/986/48 772/987/48 787/988/48 786/989/48 785/990/48 784/991/48 799/992/48 800/993/48 801/994/48 802/995/48 803/996/48 804/997/48 805/998/48 806/999/48 807/1000/48 808/1001/48 809/1002/48 810/1003/48 

usemtl ThomThom___Jumper1
vn 0.0609799 -1.74051e-15 -0.998139
v -0.395493 0.982822 0.634115
vt 0.57164 38.6938
v -0.410568 0.979699 0.633194
vt 1.16625 38.5708
v -0.441359 0.974428 0.631312
vt 2.38075 38.3633
v -0.466582 0.977358 0.629771
vt 3.37566 38.4787
v -0.48893 0.982794 0.628406
vt 4.25714 38.6927
v -0.51574 0.989315 0.626768
vt 5.31461 38.9494
v -0.521 0.989315 0.626447
vt 5.52209 38.9494
v -0.53192 0.995745 0.62578
vt 5.95281 39.2026
v -0.538114 1.00491 0.625401
vt 6.19713 39.5635
v -0.545074 1.01 0.624976
vt 6.47165 39.7636
v -0.54733 1.01887 0.624838
vt 6.56062 40.1131
v -0.545647 1.02611 0.624941
vt 6.49424 40.3982
v -0.540999 1.03981 0.625225
vt 6.31091 40.9375
f 792/969/49 791/968/49 790/967/49 789/966/49 788/965/49 810/1003/49 809/1002/49 808/1001/49 807/1000/49 806/999/49 805/998/49 804/997/49 803/996/49 802/995/49 801/994/49 800/993/49 799/992/49 811/1004/49 812/1005/49 813/1006/49 814/1007/49 815/1008/49 816/1009/49 817/1010/49 818/1011/49 819/1012/49 820/1013/49 821/1014/49 822/1015/49 823/1016/49 115/142/49 114/141/49 113/140/49 112/139/49 111/138/49 110/137/49 109/136/49 108/135/49 107/134/49 106/133/49 105/132/49 116/976/49 798/975/49 797/974/49 796/973/49 795/972/49 794/971/49 793/970/49 

usemtl ThomThom___Trousers1
v -0.515303 0.108728 0.626795
vt 0.868085 0.654581
vn 0.0609799 -4.04965e-16 -0.998139
v -0.528812 0.122772 0.62597
vt 0.955406 0.745188
v -0.546799 0.122772 0.624871
vt 1.07166 0.745188
v -0.541526 0.146255 0.625193
vt 1.03758 0.896689
v -0.544015 0.16131 0.625041
vt 1.05367 0.993817
v -0.541571 0.183747 0.62519
vt 1.03787 1.13857
v -0.532554 0.205531 0.625741
vt 0.97959 1.27911
v -0.537151 0.231976 0.62546
vt 1.00931 1.44973
v -0.538307 0.256862 0.62539
vt 1.01678 1.61028
v -0.541898 0.286477 0.62517
vt 1.03999 1.80135
v -0.541561 0.300922 0.625191
vt 1.03781 1.89454
v -0.538524 0.315017 0.625376
vt 1.01818 1.98548
v -0.54229 0.335582 0.625146
vt 1.04252 2.11815
v -0.542803 0.372737 0.625115
vt 1.04584 2.35786
v -0.540734 0.393726 0.625241
vt 1.03247 2.49328
v -0.540724 0.44889 0.625242
vt 1.0324 2.84917
v -0.53874 0.475886 0.625363
vt 1.01958 3.02334
v -0.532606 0.481284 0.625738
vt 0.979926 3.05817
v -0.523022 0.481284 0.626323
vt 0.917982 3.05817
v -0.508079 0.47599 0.627236
vt 0.821392 3.02401
v -0.49135 0.47599 0.628258
vt 0.713263 3.02401
v -0.47689 0.481738 0.629142
vt 0.619801 3.0611
v -0.495597 0.479735 0.627999
vt 0.740713 3.04817
v -0.505606 0.481696 0.627387
vt 0.805406 3.06082
v -0.517035 0.487329 0.626689
vt 0.879283 3.09717
v -0.526451 0.496055 0.626114
vt 0.940146 3.15346
v -0.528877 0.511717 0.625966
vt 0.955822 3.25451
v -0.52552 0.527218 0.626171
vt 0.934124 3.35451
v -0.523415 0.614636 0.626299
vt 0.920521 3.9185
v -0.533599 0.665861 0.625677
vt 0.986345 4.24899
v -0.537422 0.694553 0.625444
vt 1.01105 4.43409
v -0.539557 0.723198 0.625313
vt 1.02486 4.6189
v -0.551697 0.781278 0.624571
vt 1.10333 4.99361
v -0.557088 0.831016 0.624242
vt 1.13817 5.3145
v -0.567952 0.874896 0.623578
vt 1.20839 5.5976
v -0.57149 0.899203 0.623362
vt 1.23126 5.75442
v -0.577512 0.913363 0.622994
vt 1.27018 5.84577
v -0.580735 0.93099 0.622797
vt 1.29101 5.9595
v -0.581419 0.943012 0.622756
vt 1.29544 6.03706
v -0.576191 0.958696 0.623075
vt 1.26165 6.13824
v -0.570712 0.969209 0.62341
vt 1.22623 6.20607
v -0.552976 0.98586 0.624493
vt 1.11159 6.3135
v -0.549362 0.992522 0.624714
vt 1.08823 6.35647
v -0.549419 0.995063 0.624711
vt 1.0886 6.37287
v -0.543164 0.992372 0.625093
vt 1.04817 6.35551
v -0.529279 0.981869 0.625941
vt 0.958421 6.28775
v -0.513205 0.976785 0.626923
vt 0.854529 6.25495
v -0.498594 0.975035 0.627816
vt 0.760084 6.24365
v -0.485433 0.971426 0.62862
vt 0.675015 6.22037
v -0.461265 0.968526 0.630096
vt 0.518802 6.20166
v -0.434172 0.971712 0.631752
vt 0.343682 6.22222
vt 0.191115 6.27374
vt 0.0936753 6.29389
vt -0.0527476 6.2904
v -0.37457 0.974632 0.635393
vt -0.0415639 6.24106
v -0.380393 0.948895 0.635037
vt -0.00392484 6.07501
v -0.382052 0.902766 0.634936
vt 0.00679933 5.7774
v -0.379645 0.886944 0.635083
vt -0.00875775 5.67533
v -0.370275 0.852327 0.635655
vt -0.0693228 5.45199
v -0.371406 0.816465 0.635586
vt -0.06201 5.22062
v -0.374463 0.799916 0.635399
vt -0.0422546 5.11385
v -0.376127 0.778159 0.635298
vt -0.0314993 4.97349
v -0.37457 0.770038 0.635393
vt -0.0415639 4.92109
v -0.374936 0.75522 0.63537
vt -0.0391973 4.8255
v -0.383526 0.725639 0.634846
vt 0.0163295 4.63465
v -0.384275 0.709452 0.6348
vt 0.0211669 4.53022
v -0.38814 0.694805 0.634564
vt 0.0461506 4.43572
v -0.394197 0.6788 0.634194
vt 0.0853032 4.33247
v -0.396251 0.664904 0.634068
vt 0.0985747 4.24281
v -0.399594 0.650987 0.633864
vt 0.120185 4.15302
v -0.410806 0.5617 0.633179
vt 0.192655 3.57698
v -0.417309 0.528234 0.632782
vt 0.234687 3.36107
v -0.423348 0.504474 0.632413
vt 0.273719 3.20778
v -0.427958 0.493097 0.632131
vt 0.303521 3.13438
v -0.426937 0.4822 0.632194
vt 0.296919 3.06407
v -0.428765 0.453545 0.632082
vt 0.308736 2.8792
v -0.433197 0.438517 0.631811
vt 0.337384 2.78225
v -0.431454 0.430801 0.631918
vt 0.32612 2.73247
v -0.431669 0.377453 0.631904
vt 0.327503 2.38829
v -0.431588 0.355605 0.631909
vt 0.326985 2.24733
v -0.437713 0.275747 0.631535
vt 0.366571 1.73212
v -0.447068 0.222944 0.630964
vt 0.427039 1.39146
v -0.460451 0.164049 0.630146
vt 0.51354 1.01149
v -0.461988 0.142205 0.630052
vt 0.523477 0.870557
v -0.464272 0.110758 0.629913
vt 0.538238 0.667676
v -0.468656 0.0974735 0.629645
vt 0.566576 0.581969
v -0.472175 0.0938406 0.62943
vt 0.589322 0.558531
v -0.474434 0.0929524 0.629292
vt 0.603921 0.5528
v -0.486798 0.0956563 0.628536
vt 0.683839 0.570245
f 824/1017/50 825/1018/50 826/1019/50 827/1020/50 828/1021/50 829/1022/50 830/1023/50 831/1024/50 832/1025/50 833/1026/50 834/1027/50 835/1028/50 836/1029/50 837/1030/50 838/1031/50 839/1032/50 840/1033/50 841/1034/50 842/1035/50 843/1036/50 844/1037/50 845/1038/50 846/1039/50 847/1040/50 848/1041/50 849/1042/50 850/1043/50 851/1044/50 852/1045/50 853/1046/50 854/1047/50 855/1048/50 856/1049/50 857/1050/50 858/1051/50 859/1052/50 860/1053/50 861/1054/50 862/1055/50 863/1056/50 864/1057/50 865/1058/50 866/1059/50 867/1060/50 868/1061/50 869/1062/50 870/1063/50 871/1064/50 872/1065/50 873/1066/50 874/1067/50 812/1068/50 811/1069/50 799/1070/50 875/1071/50 876/1072/50 877/1073/50 878/1074/50 879/1075/50 880/1076/50 881/1077/50 882/1078/50 883/1079/50 884/1080/50 885/1081/50 886/1082/50 887/1083/50 888/1084/50 889/1085/50 890/1086/50 891/1087/50 892/1088/50 893/1089/50 894/1090/50 895/1091/50 896/1092/50 897/1093/50 898/1094/50 899/1095/50 900/1096/50 901/1097/50 902/1098/50 903/1099/50 904/1100/50 905/1101/50 906/1102/50 907/1103/50 908/1104/50 909/1105/50 

usemtl ThomThom___Trousers2
vn 0.0609799 -4.98261e-16 -0.998139
v -0.516947 0.109483 0.626694
vt 0.878715 0.659447
v -0.528396 0.112782 0.625995
vt 0.952713 0.680735
v -0.537268 0.112789 0.625453
vt 1.01006 0.680776
v -0.552372 0.10966 0.62453
vt 1.10769 0.66059
v -0.553705 0.11394 0.624449
vt 1.1163 0.688205
v -0.551732 0.11747 0.624569
vt 1.10355 0.710977
v -0.552261 0.124478 0.624537
vt 1.10697 0.756191
v -0.549776 0.13183 0.624689
vt 1.09091 0.803624
v -0.555423 0.158744 0.624344
vt 1.12741 0.977264
v -0.550171 0.185931 0.624665
vt 1.09346 1.15266
v -0.555398 0.216073 0.624345
vt 1.12724 1.34713
v -0.556589 0.241978 0.624273
vt 1.13495 1.51426
v -0.560324 0.272885 0.624044
vt 1.15908 1.71366
v -0.559898 0.290771 0.62407
vt 1.15633 1.82905
v -0.557203 0.303251 0.624235
vt 1.13891 1.90957
v -0.560652 0.32213 0.624024
vt 1.16121 2.03137
v -0.561195 0.362712 0.623991
vt 1.16471 2.29318
v -0.559059 0.384283 0.624122
vt 1.15091 2.43235
v -0.559024 0.440348 0.624124
vt 1.15068 2.79406
v -0.556984 0.470216 0.624248
vt 1.1375 2.98676
v -0.549711 0.492909 0.624693
vt 1.09049 3.13317
v -0.543395 0.52201 0.625079
vt 1.04967 3.32091
v -0.541226 0.607678 0.625211
vt 1.03564 3.87361
v -0.551378 0.658064 0.624591
vt 1.10126 4.19868
v -0.555449 0.688725 0.624342
vt 1.12758 4.39649
v -0.564565 0.811737 0.623785
vt 1.1865 5.19012
v -0.564349 0.850064 0.623799
vt 1.1851 5.43739
f 843/1036/51 842/1035/51 841/1034/51 840/1033/51 839/1032/51 838/1031/51 837/1030/51 836/1029/51 835/1028/51 834/1027/51 833/1026/51 832/1025/51 831/1024/51 830/1023/51 829/1022/51 828/1021/51 827/1020/51 826/1019/51 825/1018/51 824/1017/51 910/1106/51 911/1107/51 912/1108/51 913/1109/51 914/1110/51 915/1111/51 916/1112/51 917/1113/51 918/1114/51 919/1115/51 920/1116/51 921/1117/51 922/1118/51 923/1119/51 924/1120/51 925/1121/51 926/1122/51 927/1123/51 928/1124/51 929/1125/51 930/1126/51 931/1127/51 932/1128/51 933/1129/51 934/1130/51 935/1131/51 936/1132/51 858/1051/51 857/1050/51 856/1049/51 855/1048/51 854/1047/51 853/1046/51 852/1045/51 851/1044/51 850/1043/51 849/1042/51 848/1041/51 847/1040/51 846/1039/51 845/1038/51 844/1037/51 

usemtl ThomThom___ShoesRubber1
v -0.521307 0.107334 0.626428
vt 5.5342 4.22575
vn 0.0609799 -4.54494e-16 -0.998139
v -0.527624 0.110498 0.626042
vt 5.78336 4.35032
vt 6.16375 4.4405
vt 5.8138 4.44024
vt 5.36224 4.31034
vt 5.29737 4.28064
vt 4.17304 3.76599
vt 3.68534 3.65954
v -0.476906 0.0877157 0.629141
vt 3.78288 3.45337
v -0.481745 0.0808536 0.628845
vt 3.97374 3.18321
v -0.486432 0.0790446 0.628559
vt 4.1586 3.11199
v -0.492619 0.0801057 0.628181
vt 4.40264 3.15377
v -0.499087 0.0827167 0.627786
vt 4.65776 3.25656
v -0.512703 0.0892759 0.626954
vt 5.19483 3.5148
v -0.511886 0.0946878 0.627004
vt 5.16258 3.72786
v -0.514874 0.10091 0.626821
vt 5.28046 3.97284
f 937/1133/52 938/1134/52 912/1135/52 911/1136/52 910/1137/52 824/1138/52 909/1139/52 908/1140/52 939/1141/52 940/1142/52 941/1143/52 942/1144/52 943/1145/52 944/1146/52 945/1147/52 946/1148/52 

usemtl ThomThom___Shoes_Leather
vn 0.0609799 -2.29863e-16 -0.998139
vt 3.59626 3.69451
v -0.470716 0.0870927 0.629519
vt 3.53873 3.42885
v -0.471618 0.0698863 0.629464
vt 3.57428 2.75143
v -0.470129 0.0573907 0.629555
vt 3.51556 2.25947
v -0.468716 0.054687 0.629641
vt 3.45984 2.15303
v -0.46684 0.0435418 0.629756
vt 3.38584 1.71424
v -0.466552 0.0391651 0.629773
vt 3.37449 1.54193
v -0.46645 0.0370771 0.62978
vt 3.37044 1.45973
v -0.469204 0.0356249 0.629611
vt 3.47905 1.40256
v -0.486863 0.0324568 0.628532
vt 4.17562 1.27783
v -0.498702 0.0288281 0.627809
vt 4.64257 1.13497
v -0.509896 0.0260675 0.627125
vt 5.08411 1.02628
v -0.52182 0.0230113 0.626397
vt 5.55442 0.905958
v -0.528396 0.0190051 0.625995
vt 5.8138 0.74823
v -0.529827 0.0176967 0.625908
vt 5.87024 0.696722
v -0.534402 0.0161943 0.625628
vt 6.0507 0.637569
v -0.556218 0.0131046 0.624295
vt 6.91122 0.515929
v -0.568853 0.0117672 0.623523
vt 7.40956 0.463276
v -0.582089 0.0130097 0.622715
vt 7.93167 0.512191
v -0.596851 0.0152238 0.621813
vt 8.51391 0.599362
v -0.600765 0.0171791 0.621574
vt 8.66831 0.676343
v -0.608049 0.0223458 0.621129
vt 8.9556 0.879757
v -0.614129 0.0271456 0.620757
vt 9.19542 1.06872
v -0.623738 0.031164 0.62017
vt 9.57444 1.22693
v -0.636399 0.0331582 0.619397
vt 10.0738 1.30544
v -0.638475 0.0331582 0.61927
vt 10.1557 1.30544
v -0.631166 0.0404753 0.619716
vt 9.86741 1.59352
v -0.624711 0.0453391 0.620111
vt 9.61282 1.785
v -0.618248 0.0486937 0.620506
vt 9.35787 1.91707
v -0.580737 0.0779075 0.622797
vt 7.87832 3.06723
v -0.569915 0.0886555 0.623458
vt 7.45147 3.49037
v -0.560959 0.0996128 0.624006
vt 7.09822 3.92176
v -0.555816 0.106138 0.62432
vt 6.89537 4.17867
vt 6.75953 4.31732
v -0.513758 0.0844317 0.626889
vt 5.23643 3.32408
v -0.528059 0.0604219 0.626016
vt 5.8005 2.37881
v -0.527948 0.0577347 0.626022
vt 5.79616 2.27302
v -0.526629 0.0553886 0.626103
vt 5.74411 2.18065
v -0.524229 0.054082 0.62625
vt 5.64944 2.12921
v -0.521465 0.0539469 0.626419
vt 5.54042 2.12389
v -0.519233 0.0548447 0.626555
vt 5.45239 2.15924
v -0.517112 0.0567455 0.626684
vt 5.36874 2.23407
f 940/1142/53 939/1141/53 908/1140/53 907/1149/53 947/1150/53 948/1151/53 949/1152/53 950/1153/53 951/1154/53 952/1155/53 953/1156/53 954/1157/53 955/1158/53 956/1159/53 957/1160/53 958/1161/53 959/1162/53 960/1163/53 961/1164/53 962/1165/53 963/1166/53 964/1167/53 965/1168/53 966/1169/53 967/1170/53 968/1171/53 969/1172/53 970/1173/53 971/1174/53 972/1175/53 973/1176/53 974/1177/53 975/1178/53 976/1179/53 977/1180/53 978/1181/53 913/1182/53 912/1135/53 938/1134/53 937/1133/53 946/1148/53 945/1147/53 944/1146/53 979/1183/53 980/1184/53 981/1185/53 982/1186/53 983/1187/53 984/1188/53 985/1189/53 986/1190/53 943/1145/53 942/1144/53 941/1143/53 

usemtl ThomThom___ShoesRubber1
vn 0.0609799 -3.87771e-16 -0.998139
v -0.464915 0.0388015 0.629873
vt 3.30991 1.52762
v -0.463859 0.0375948 0.629938
vt 3.26823 1.48011
v -0.463454 0.0359915 0.629963
vt 3.25226 1.41699
v -0.463773 0.0315799 0.629943
vt 3.26486 1.2433
v -0.464168 0.0050421 0.629919
vt 3.28043 0.198508
v -0.465028 0.00393848 0.629866
vt 3.31434 0.155058
v -0.466335 0.00336461 0.629787
vt 3.36592 0.132465
v -0.469438 0.00242756 0.629597
vt 3.48831 0.0955734
v -0.471846 0.00181699 0.62945
vt 3.58327 0.0715352
v -0.486954 0.00113758 0.628527
vt 4.17918 0.0447865
v -0.503947 0.000397502 0.627489
vt 4.84945 0.0156497
v -0.528596 0.00244351 0.625983
vt 5.8217 0.0962011
v -0.543238 0.00143381 0.625088
vt 6.39923 0.0564494
v -0.561155 0.000183147 0.623994
vt 7.10594 0.00721051
v -0.580988 -0.000253856 0.622782
vt 7.88821 -0.00999434
v -0.588542 0.00679006 0.622321
vt 8.18618 0.267325
v -0.594173 0.0118886 0.621976
vt 8.40829 0.468054
f 953/1156/54 952/1155/54 987/1191/54 988/1192/54 989/1193/54 990/1194/54 991/1195/54 992/1196/54 993/1197/54 994/1198/54 995/1199/54 996/1200/54 997/1201/54 998/1202/54 999/1203/54 1000/1204/54 1001/1205/54 1002/1206/54 1003/1207/54 965/1168/54 964/1167/54 963/1166/54 962/1165/54 961/1164/54 960/1163/54 959/1162/54 958/1161/54 957/1160/54 956/1159/54 955/1158/54 954/1157/54 

usemtl ThomThom___ShoesRubber2
v -0.61362 -4.63078e-05 0.620788
vt 9.17534 -0.00182314
vn 0.0609799 -7.88755e-16 -0.998139
v -0.63782 0.00275818 0.61931
vt 10.1299 0.10859
v -0.644496 0.00991953 0.618902
vt 10.3932 0.390533
v -0.646569 0.0172822 0.618775
vt 10.475 0.6804
v -0.646569 0.0245898 0.618775
vt 10.475 0.968104
v -0.642656 0.0314717 0.619014
vt 10.3206 1.23904
v -0.589393 -0.000961294 0.622269
vt 8.21974 -0.0378462
v -0.600553 -0.00100082 0.621587
vt 8.65994 -0.0394025
f 1004/1208/55 1005/1209/55 1006/1210/55 1007/1211/55 1008/1212/55 1009/1213/55 971/1174/55 970/1173/55 969/1172/55 968/1171/55 967/1170/55 966/1169/55 965/1168/55 1003/1207/55 1002/1206/55 1001/1205/55 1010/1214/55 1011/1215/55 

usemtl ThomThom___ShoesRubber1
vn 0.0609799 -1.56919e-15 -0.998139
f 980/1184/56 979/1183/56 944/1146/56 943/1145/56 986/1190/56 985/1189/56 984/1188/56 983/1187/56 982/1186/56 981/1185/56 

usemtl ThomThom___Complexion2
v -0.5905 0.951171 0.622201
vt 8.26342 37.4477
vn 0.0609799 -1.46097e-15 -0.998139
v -0.58055 0.964451 0.622809
vt 7.87093 37.9705
vt 7.48288 38.1578
vt 7.69902 37.7439
vt 7.90522 37.1265
vt 7.87823 36.6532
v -0.586877 0.934393 0.622422
vt 8.1205 36.7871
v -0.591134 0.94215 0.622162
vt 8.2884 37.0925
f 1012/1216/57 1013/1217/57 864/1218/57 863/1219/57 862/1220/57 861/1221/57 1014/1222/57 1015/1223/57 

usemtl ThomThom___Jumper1
v -0.537703 1.22128 0.625426
vt 6.18093 48.082
vn 0.0609799 4.48186e-16 -0.998139
v -0.548839 1.22803 0.624746
vt 6.62016 48.3475
v -0.541158 1.21887 0.625215
vt 6.31718 47.9871
v -0.532289 1.2135 0.625757
vt 5.96735 47.7756
v -0.521144 1.21383 0.626438
vt 5.52778 47.7887
v -0.518703 1.20809 0.626587
vt 5.43147 47.5625
v -0.51312 1.20437 0.626928
vt 5.21127 47.4162
v -0.509936 1.19229 0.627123
vt 5.08568 46.9406
v -0.513899 1.18153 0.626881
vt 5.24201 46.5169
v -0.524042 1.16763 0.626261
vt 5.64206 45.9696
v -0.526745 1.14949 0.626096
vt 5.74869 45.2554
v -0.524032 1.13447 0.626262
vt 5.64166 44.6643
v -0.527035 1.11474 0.626078
vt 5.76011 43.8874
v -0.527035 1.08765 0.626078
vt 5.76011 42.8209
v -0.533873 1.06225 0.62566
vt 6.02986 41.8208
v -0.549512 1.0385 0.624705
vt 6.64671 40.8859
v -0.554655 1.01924 0.624391
vt 6.84955 40.1275
v -0.556237 1.00435 0.624294
vt 6.91194 39.5414
v -0.554662 0.992378 0.62439
vt 6.84985 39.07
v -0.561086 0.981349 0.623998
vt 7.10323 38.6358
v -0.570087 0.972138 0.623448
vt 7.45827 38.2732
v -0.592832 0.953405 0.622058
vt 8.35539 37.5356
v -0.592832 0.983371 0.622058
vt 8.35539 38.7154
v -0.600758 1.00593 0.621574
vt 8.668 39.6035
v -0.60435 1.02973 0.621355
vt 8.80968 40.5407
v -0.600992 1.04747 0.62156
vt 8.67725 41.2389
v -0.603382 1.06183 0.621414
vt 8.77152 41.8043
v -0.601847 1.07797 0.621508
vt 8.71097 42.4398
v -0.60521 1.12187 0.621302
vt 8.84361 44.1683
v -0.602498 1.14643 0.621468
vt 8.73664 45.135
v -0.60363 1.16005 0.621399
vt 8.78132 45.6713
v -0.601976 1.16754 0.6215
vt 8.71608 45.966
v -0.602988 1.18064 0.621438
vt 8.756 46.4821
v -0.593702 1.27156 0.622005
vt 8.3897 50.0615
v -0.564695 1.41736 0.623777
vt 7.24556 55.8015
v -0.547451 1.48146 0.624831
vt 6.5654 58.3252
v -0.535727 1.50014 0.625547
vt 6.10296 59.0608
v -0.527911 1.50866 0.626025
vt 5.79468 59.3961
v -0.514578 1.51774 0.626839
vt 5.26878 59.7534
v -0.496761 1.52389 0.627928
vt 4.56603 59.9959
v -0.472587 1.52771 0.629405
vt 3.6125 60.1461
v -0.485483 1.4607 0.628617
vt 4.12118 57.508
v -0.496756 1.41939 0.627928
vt 4.5658 55.8814
v -0.499189 1.41777 0.627779
vt 4.6618 55.8177
v -0.501677 1.41939 0.627627
vt 4.75991 55.8814
v -0.504281 1.43416 0.627468
vt 4.86262 56.4629
v -0.50847 1.44674 0.627212
vt 5.02785 56.9582
v -0.510003 1.45722 0.627119
vt 5.08835 57.3707
v -0.509357 1.4782 0.627158
vt 5.06285 58.197
v -0.513547 1.45722 0.626902
vt 5.22813 57.3707
v -0.512952 1.44252 0.626939
vt 5.20463 56.7922
v -0.509748 1.42232 0.627134
vt 5.07827 55.9969
v -0.509748 1.39067 0.627134
vt 5.07827 54.7508
v -0.512981 1.37999 0.626937
vt 5.20578 54.3303
v -0.512981 1.35458 0.626937
vt 5.20578 53.3297
v -0.503337 1.31345 0.627526
vt 4.82539 51.7108
v -0.51198 1.28449 0.626998
vt 5.1663 50.5705
v -0.515125 1.26906 0.626806
vt 5.29037 49.9632
v -0.51942 1.25421 0.626543
vt 5.45975 49.3785
v -0.518661 1.2417 0.62659
vt 5.42983 48.8858
v -0.516325 1.22607 0.626733
vt 5.33769 48.2704
v -0.521685 1.22258 0.626405
vt 5.54912 48.1331
f 1016/1224/58 1017/1225/58 1018/1226/58 1019/1227/58 1020/1228/58 1021/1229/58 1022/1230/58 1023/1231/58 1024/1232/58 1025/1233/58 1026/1234/58 1027/1235/58 1028/1236/58 1029/1237/58 1030/1238/58 1031/1239/58 1032/1240/58 1033/1241/58 1034/1242/58 1035/1243/58 1036/1244/58 1013/1217/58 1012/1216/58 1015/1223/58 1037/1245/58 1038/1246/58 1039/1247/58 1040/1248/58 1041/1249/58 1042/1250/58 1043/1251/58 1044/1252/58 1045/1253/58 1046/1254/58 1047/1255/58 1048/1256/58 1049/1257/58 1050/1258/58 1051/1259/58 1052/1260/58 1053/1261/58 1054/1262/58 1055/1263/58 1056/1264/58 1057/1265/58 1058/1266/58 1059/1267/58 1060/1268/58 1061/1269/58 1062/1270/58 1063/1271/58 1064/1272/58 1065/1273/58 1066/1274/58 1067/1275/58 1068/1276/58 1069/1277/58 1070/1278/58 1071/1279/58 1072/1280/58 1073/1281/58 1074/1282/58 1075/1283/58 1076/1284/58 1077/1285/58 

usemtl ThomThom___Jumper2
vn 0.0609799 -5.03818e-16 -0.998139
v -0.479371 1.46263 0.62899
vt 3.8801 57.5838
v -0.487034 1.43229 0.628522
vt 4.18236 56.3893
v -0.487676 1.43067 0.628483
vt 4.20768 56.3258
v -0.497804 1.40284 0.627864
vt 4.60717 55.2301
v -0.503794 1.37397 0.627498
vt 4.84344 54.0931
v -0.50333 1.36085 0.627526
vt 4.82513 53.5767
v -0.500366 1.34786 0.627707
vt 4.70822 53.0654
v -0.501555 1.33513 0.627635
vt 4.7551 52.5643
v -0.49741 1.31982 0.627888
vt 4.5916 51.9613
v -0.49451 1.28746 0.628065
vt 4.47722 50.6872
v -0.497332 1.26916 0.627893
vt 4.58853 49.9669
v -0.50479 1.22024 0.627437
vt 4.88269 48.0409
v -0.50156 1.19869 0.627635
vt 4.7553 47.1924
v -0.503563 1.18495 0.627512
vt 4.8343 46.6517
v -0.509032 1.17214 0.627178
vt 5.05004 46.1473
v -0.516037 1.15952 0.62675
vt 5.32634 45.6504
v -0.516588 1.14465 0.626716
vt 5.34806 45.0649
v -0.519992 1.12847 0.626508
vt 5.48232 44.4279
v -0.518979 1.10587 0.62657
vt 5.44236 43.5381
vt 5.49686 42.5134
v -0.548663 1.01722 0.624757
vt 6.61321 40.0481
v -0.550625 1.00631 0.624637
vt 6.69061 39.6187
v -0.549612 1.00351 0.624699
vt 6.65063 39.5083
vt 6.64305 39.1757
vt 6.64077 39.0757
vt 6.78333 38.8134
f 1058/1266/59 1057/1265/59 1056/1264/59 1078/1286/59 1079/1287/59 1080/1288/59 1081/1289/59 1082/1290/59 1083/1291/59 1084/1292/59 1085/1293/59 1086/1294/59 1087/1295/59 1088/1296/59 1089/1297/59 1090/1298/59 1091/1299/59 1092/1300/59 1093/1301/59 1094/1302/59 1095/1303/59 1096/1304/59 81/1305/59 84/143/59 115/142/59 823/1016/59 822/1015/59 1097/1306/59 1098/1307/59 1099/1308/59 867/1309/59 866/1310/59 865/1311/59 864/1218/59 1013/1217/59 1036/1244/59 1035/1243/59 1034/1242/59 1033/1241/59 1032/1240/59 1031/1239/59 1030/1238/59 1029/1237/59 1028/1236/59 1027/1235/59 1026/1234/59 1025/1233/59 1024/1232/59 1023/1231/59 1022/1230/59 1021/1229/59 1020/1228/59 1019/1227/59 1018/1226/59 1017/1225/59 1016/1224/59 1077/1285/59 1076/1284/59 1075/1283/59 1074/1282/59 1073/1281/59 1072/1280/59 1071/1279/59 1070/1278/59 1069/1277/59 1068/1276/59 1067/1275/59 1066/1274/59 1065/1273/59 1064/1272/59 1063/1271/59 1062/1270/59 1061/1269/59 1060/1268/59 1059/1267/59 

usemtl ThomThom___Waistcoat1
v -0.384823 1.47291 0.634766
vt 0.0255363 9.77092
vt 0.65703 9.7024
vt 0.611717 10.1363
f 1100/1312/4 1078/1313/4 1056/1314/4

vt 0.708213 9.50013
f 1100/1312/4 1079/1315/4 1078/1313/4

vt 0.7125 9.48937
f 1100/1312/4 1080/1316/4 1079/1315/4

v -0.493837 1.4105 0.628106
vt 0.753652 9.35487
f 1100/1312/4 1101/1317/4 1080/1316/4

v -0.357556 1.40394 0.636432
vt -0.156586 9.31115
f 1102/1318/4 1101/1317/4 1100/1312/4

f 167/367/4 1101/1317/4 1102/1318/4

v -0.499163 1.37878 0.627781
vt 0.789223 9.14343
f 167/367/4 1103/1319/4 1101/1317/4

v -0.359539 1.37608 0.636311
vt -0.143341 9.1254
f 167/367/4 1104/1320/4 1103/1319/4

v -0.354719 1.37412 0.636606
vt -0.175531 9.11231
f 167/367/4 1105/1321/4 1104/1320/4

f 18/22/4 1105/1321/4 167/367/4

f 18/22/4 10/24/4 1105/1321/4

usemtl ThomThom___Buttons1
vt -1.06538 54.0017
v -0.356412 1.37258 0.636502
vt -0.969855 54.0386
vt -1.0366 54.099
f 10/1322/2 1106/1323/2 1105/1324/2

v -0.355476 1.36941 0.636559
vt -1.00676 53.9137
f 10/1322/2 1107/1325/2 1106/1323/2

vt -1.09416 53.9043
f 17/1326/2 1107/1325/2 10/1322/2

v -0.357529 1.36566 0.636434
vt -0.925765 53.7661
f 17/1326/2 1108/1327/2 1107/1325/2

f 8/8/2 1108/1327/2 17/1326/2

f 1108/1327/2 8/8/2 7/7/2

usemtl ThomThom___Buttons2
f 7/7/1 3/3/1 1108/1327/1

f 3/3/1 7/7/1 1/1/1

v -0.357958 1.36609 0.636408
vt -0.908841 53.783
f 1108/1327/1 3/3/1 1109/1328/1

usemtl ThomThom___Buttons1
vn 0.0609799 1.2428e-14 -0.998139
f 2/2/60 1109/1328/60 3/3/60

v -0.362504 1.36669 0.63613
vt -0.729535 53.8068
f 1109/1328/60 2/2/60 1110/1329/60

v -0.364787 1.36753 0.635991
vt -0.639495 53.8398
f 1110/1329/60 2/2/60 1111/1330/60

usemtl ThomThom___Buttons2
f 2/2/1 4/4/1 1111/1330/1

v -0.364025 1.3718 0.636037
vt -0.669553 54.0077
f 1111/1330/1 4/4/1 1112/1331/1

usemtl ThomThom___Buttons1
v -0.366228 1.37242 0.635902
vt -0.58264 54.0325
f 4/4/2 1113/1332/2 1112/1331/2

v -0.367643 1.36706 0.635816
vt -0.526854 53.8211
f 4/4/2 1114/1333/2 1113/1332/2

f 4/4/2 5/5/2 1114/1333/2

usemtl ThomThom___Waistcoat1
vt -0.0941198 9.05787
vt -0.089214 9.06525
f 5/1334/4 1103/1319/4 1114/1335/4

v -0.498597 1.36355 0.627816
vt 0.785444 9.0419
f 5/1334/4 1115/1336/4 1103/1319/4

vt -0.101061 9.0381
f 16/1337/4 1115/1336/4 5/1334/4

vt -0.12207 9.02095
f 15/1338/4 1115/1336/4 16/1337/4

f 14/28/4 1115/1336/4 15/1338/4

f 1115/1336/4 14/28/4 21/30/4

usemtl ThomThom___Waistcoat2
vt 0.743148 8.6608
vn 0.0609799 -5.50955e-16 -0.998139
vt 0.73063 8.58709
vt 0.714787 8.49466
vt 0.69752 8.24454
vt 0.669025 8.03551
vt 0.669025 7.90609
vt 0.732451 7.73076
vt 0.739783 7.71769
vt 0.734741 7.69484
vt 0.719603 7.68128
vt 0.67957 7.66095
vt 0.652423 7.64325
v -0.488191 1.1936 0.628451
vt 0.692844 7.65378
v -0.49404 1.19585 0.628094
vt 0.730647 7.66825
v -0.500197 1.19817 0.627718
vt 0.770445 7.68326
vt 0.779255 7.68658
vt 0.800132 7.82562
vt 0.751926 8.14123
vt 0.733687 8.25927
vt 0.752429 8.46806
vt 0.779223 8.56688
vt 0.77154 8.64899
vt 0.790699 8.73277
vt 0.793699 8.8174
vt 0.754981 9.00371
vt 0.689516 9.18326
vt 0.729341 9.0531
vt 0.763764 8.84848
vt 0.760107 8.75023
f 21/1339/61 22/1340/61 30/1341/61 31/1342/61 38/1343/61 39/1344/61 49/1345/61 50/1346/61 51/1347/61 52/1348/61 53/1349/61 54/1350/61 1116/1351/61 1117/1352/61 1118/1353/61 1090/1354/61 1089/1355/61 1088/1356/61 1087/1357/61 1086/1358/61 1085/1359/61 1084/1360/61 1083/1361/61 1082/1362/61 1081/1363/61 1080/1364/61 1101/1365/61 1103/1366/61 1115/1367/61 

usemtl ThomThom___Waistcoat1
v -0.369731 1.32759 0.635688
vt -0.0752679 8.80214
f 1119/1368/4 30/39/4 22/31/4

v -0.372486 1.32286 0.63552
vt -0.056863 8.77061
f 1120/1369/4 30/39/4 1119/1368/4

v -0.372405 1.32104 0.635525
vt -0.0574073 8.7585
f 1121/1370/4 30/39/4 1120/1369/4

v -0.371273 1.31747 0.635594
vt -0.0649678 8.73469
f 1122/1371/4 30/39/4 1121/1370/4

v -0.368232 1.31377 0.63578
vt -0.0852758 8.71003
f 1123/1372/4 30/39/4 1122/1371/4

f 29/38/4 30/39/4 1123/1372/4

usemtl ThomThom___Waistcoat2
v -0.364314 1.31663 0.636019
vt -0.107852 8.44747
vn 0.0609799 -4.36307e-14 -0.998139
v -0.359518 1.3198 0.636312
vt -0.138853 8.46794
vt -0.147994 8.5005
vt -0.155646 8.46529
vt -0.148831 8.44448
vt -0.114368 8.42541
vt -0.082525 8.42906
vt -0.062872 8.45292
vt -0.0555554 8.47597
v -0.369682 1.31718 0.635691
vt -0.0731524 8.45107
f 1124/1373/62 1125/1374/62 25/1375/62 26/1376/62 27/1377/62 29/1378/62 1123/1379/62 1122/1380/62 1121/1381/62 1126/1382/62 

usemtl ThomThom___Buttons1
vt -0.446402 51.8577
vn 0.0609799 3.05406e-15 -0.998139
vt -0.847329 51.9606
vt -0.658152 51.8357
f 1126/1383/63 1125/1384/63 1124/1385/63

v -0.364834 1.31875 0.635988
vt -0.637659 51.9194
f 1125/1384/63 1126/1383/63 1127/1386/63

v -0.368541 1.31914 0.635761
vt -0.491411 51.9346
f 1126/1383/63 1128/1387/63 1127/1386/63

vt -0.339019 52.0096
f 1128/1387/63 1126/1383/63 1121/1388/63

v -0.370425 1.32206 0.635646
vt -0.417101 52.0495
f 1128/1387/63 1121/1388/63 1129/1389/63

vt -0.335805 52.0811
f 1129/1389/63 1121/1388/63 1120/1390/63

v -0.368257 1.32603 0.635778
vt -0.502617 52.2059
f 1129/1389/63 1120/1390/63 1130/1391/63

vt -0.444496 52.2673
f 1130/1391/63 1120/1390/63 1119/1392/63

v -0.365873 1.32725 0.635924
vt -0.596657 52.2541
f 1130/1391/63 1119/1392/63 1131/1393/63

vt -0.792832 52.3153
f 24/1394/63 1131/1393/63 1119/1392/63

v -0.362041 1.32685 0.636158
vt -0.747823 52.2384
f 24/1394/63 1132/1395/63 1131/1393/63

vt -0.903115 52.1593
f 25/1396/63 1132/1395/63 24/1394/63

v -0.360349 1.32446 0.636262
vt -0.81454 52.144
f 25/1396/63 1133/1397/63 1132/1395/63

v -0.361291 1.3211 0.636204
vt -0.777379 52.0117
f 25/1396/63 1134/1398/63 1133/1397/63

f 1125/1384/63 1134/1398/63 25/1396/63

f 1125/1384/63 1127/1386/63 1134/1398/63

usemtl ThomThom___Buttons2
vn 0.0609799 2.09909e-14 -0.998139
v -0.364981 1.31936 0.635979
vt -0.63185 51.9431
f 1127/1386/64 1135/1399/64 1134/1398/64

f 1135/1399/64 1127/1386/64 1128/1387/64

v -0.368218 1.31969 0.635781
vt -0.504169 51.9564
f 1128/1387/64 1136/1400/64 1135/1399/64

f 1136/1400/64 1128/1387/64 1129/1389/64

v -0.369842 1.32207 0.635682
vt -0.440098 52.0501
f 1136/1400/64 1129/1389/64 1137/1401/64

f 1137/1401/64 1129/1389/64 1130/1391/64

v -0.36784 1.32559 0.635804
vt -0.519091 52.1885
f 1137/1401/64 1130/1391/64 1138/1402/64

v -0.365761 1.32665 0.635931
vt -0.601071 52.2305
f 1138/1402/64 1130/1391/64 1139/1403/64

f 1139/1403/64 1130/1391/64 1131/1393/64

f 1139/1403/64 1131/1393/64 1132/1395/64

v -0.362364 1.3263 0.636139
vt -0.735066 52.2166
f 1132/1395/64 1140/1404/64 1139/1403/64

f 1133/1397/64 1140/1404/64 1132/1395/64

v -0.360986 1.32435 0.636223
vt -0.789434 52.1397
f 1133/1397/64 1141/1405/64 1140/1404/64

v -0.361794 1.32146 0.636173
vt -0.757552 52.0261
f 1133/1397/64 1142/1406/64 1141/1405/64

f 1134/1398/64 1142/1406/64 1133/1397/64

f 1134/1398/64 1135/1399/64 1142/1406/64

usemtl ThomThom___Buttons1
vn 0.0609799 6.01066e-15 -0.998139
f 1136/1400/65 1142/1406/65 1135/1399/65

v -0.365344 1.32084 0.635956
vt -0.61752 52.0017
f 1142/1406/65 1136/1400/65 1143/1407/65

v -0.36742 1.32106 0.63583
vt -0.535642 52.0102
f 1136/1400/65 1144/1408/65 1143/1407/65

f 1144/1408/65 1136/1400/65 1137/1401/65

v -0.368183 1.32214 0.635783
vt -0.50555 52.0527
f 1144/1408/65 1137/1401/65 1145/1409/65

f 1145/1409/65 1137/1401/65 1138/1402/65

v -0.366809 1.3245 0.635867
vt -0.559734 52.1455
f 1145/1409/65 1138/1402/65 1146/1410/65

v -0.365485 1.32518 0.635948
vt -0.611962 52.1723
f 1146/1410/65 1138/1402/65 1147/1411/65

f 1140/1404/65 1147/1411/65 1138/1402/65

v -0.363162 1.32494 0.63609
vt -0.703592 52.1628
f 1140/1404/65 1148/1412/65 1147/1411/65

f 1141/1405/65 1148/1412/65 1140/1404/65

v -0.362556 1.32408 0.636127
vt -0.727497 52.129
f 1141/1405/65 1149/1413/65 1148/1412/65

v -0.363034 1.32237 0.636098
vt -0.708638 52.0618
f 1141/1405/65 1150/1414/65 1149/1413/65

f 1142/1406/65 1150/1414/65 1141/1405/65

f 1142/1406/65 1143/1407/65 1150/1414/65

usemtl ThomThom___Buttons2
vn 0.0609799 2.3974e-15 -0.998139
f 1148/1412/66 1149/1413/66 1150/1414/66 1143/1407/66 1144/1408/66 1145/1409/66 1146/1410/66 1147/1411/66 

usemtl ThomThom___Buttons1
f 1140/1404/65 1138/1402/65 1139/1403/65

vt -0.581082 52.3373
f 24/1394/63 1119/1392/63 23/1415/63

usemtl ThomThom___Waistcoat1
f 1119/1368/4 22/31/4 23/32/4

v -0.37372 1.2628 0.635445
vt -0.0486206 8.37023
f 31/40/4 1151/1416/4 38/47/4

v -0.376837 1.26604 0.635254
vt -0.027805 8.39181
f 1151/1416/4 31/40/4 1152/1417/4

v -0.377746 1.26884 0.635199
vt -0.0217344 8.41045
f 1152/1417/4 31/40/4 1153/1418/4

v -0.377442 1.27162 0.635217
vt -0.0237612 8.42902
f 1153/1418/4 31/40/4 1154/1419/4

v -0.377004 1.27376 0.635244
vt -0.0266894 8.44326
f 1154/1419/4 31/40/4 1155/1420/4

v -0.373095 1.27811 0.635483
vt -0.0527984 8.47228
f 1155/1420/4 31/40/4 1156/1421/4

f 1156/1421/4 31/40/4 32/41/4

usemtl ThomThom___Buttons1
vt -0.530775 50.3514
vn 0.0609799 -2.89302e-15 -0.998139
v -0.368137 1.27675 0.635786
vt -0.507349 50.2659
vt -0.311802 50.3193
f 32/1422/67 1157/1423/67 1156/1424/67

vt -0.686344 50.207
f 33/1425/67 1157/1423/67 32/1422/67

v -0.365654 1.27474 0.635938
vt -0.605285 50.1866
f 33/1425/67 1158/1426/67 1157/1423/67

v -0.365639 1.27117 0.635938
vt -0.605899 50.0462
f 33/1425/67 1159/1427/67 1158/1426/67

v -0.363578 1.27039 0.636064
vt -0.687183 50.0153
f 1160/1428/67 1159/1427/67 33/1425/67

v -0.36852 1.26797 0.635762
vt -0.492259 49.92
f 1160/1428/67 1161/1429/67 1159/1427/67

v -0.367487 1.26604 0.635826
vt -0.532995 49.8439
f 1162/1430/67 1161/1429/67 1160/1428/67

v -0.372445 1.26739 0.635523
vt -0.337448 49.8973
f 1161/1429/67 1162/1430/67 1163/1431/67

v -0.376981 1.26842 0.635246
vt -0.158534 49.9377
f 1162/1430/67 1164/1432/67 1163/1431/67

v -0.373039 1.26522 0.635486
vt -0.314022 49.8118
f 1164/1432/67 1162/1430/67 1165/1433/67

usemtl ThomThom___Waistcoat2
vt -0.0873425 8.12108
vn 0.0609799 -5.79148e-14 -0.998139
vt -0.112609 8.14916
vt -0.112472 8.18058
vt -0.130216 8.13827
vt -0.114116 8.10738
vt -0.0835229 8.10022
vt -0.0470522 8.10022
vt -0.026908 8.12111
vt -0.0210333 8.13914
vt -0.0229947 8.15712
vt -0.0259791 8.13645
vt -0.0514591 8.11582
f 1162/1434/68 1160/1435/68 33/1436/68 34/1437/68 36/1438/68 37/1439/68 1151/1440/68 1152/1441/68 1153/1442/68 1154/1443/68 1164/1444/68 1165/1445/68 

usemtl ThomThom___Waistcoat1
f 37/46/4 38/47/4 1151/1416/4

usemtl ThomThom___Buttons1
v -0.37506 1.26951 0.635363
vt -0.234305 49.9808
vt -0.140322 50.0638
f 1166/1446/67 1164/1432/67 1154/1447/67

f 1163/1431/67 1164/1432/67 1166/1446/67

usemtl ThomThom___Buttons2
v -0.372276 1.26801 0.635533
vt -0.344088 49.9215
vn 0.0609799 1.24456e-14 -0.998139
f 1167/1448/69 1163/1431/69 1166/1446/69

f 1163/1431/69 1167/1448/69 1161/1429/69

v -0.368813 1.26851 0.635745
vt -0.480713 49.9415
f 1168/1449/69 1161/1429/69 1167/1448/69

f 1161/1429/69 1168/1449/69 1159/1427/69

v -0.366223 1.2714 0.635903
vt -0.58286 50.055
f 1159/1427/69 1168/1449/69 1169/1450/69

usemtl ThomThom___Buttons1
vn 0.0609799 -8.18115e-15 -0.998139
v -0.369535 1.26987 0.6357
vt -0.452228 49.9947
f 1168/1449/70 1170/1451/70 1169/1450/70

v -0.371861 1.26952 0.635558
vt -0.360469 49.9812
f 1170/1451/70 1168/1449/70 1171/1452/70

v -0.374515 1.26982 0.635396
vt -0.255781 49.993
f 1168/1449/70 1172/1453/70 1171/1452/70

f 1172/1453/70 1168/1449/70 1167/1448/70

usemtl ThomThom___Buttons2
f 1167/1448/69 1166/1446/69 1172/1453/69

v -0.375266 1.27228 0.63535
vt -0.226163 50.0897
f 1172/1453/69 1166/1446/69 1173/1454/69

usemtl ThomThom___Buttons1
f 1166/1446/67 1154/1447/67 1173/1454/67

vt -0.157614 50.1479
f 1173/1454/67 1154/1447/67 1155/1455/67

v -0.372062 1.27618 0.635546
vt -0.352538 50.2432
f 1173/1454/67 1155/1455/67 1174/1456/67

f 1174/1456/67 1155/1455/67 1156/1424/67

f 1174/1456/67 1156/1424/67 1157/1423/67

usemtl ThomThom___Buttons2
v -0.368306 1.27614 0.635776
vt -0.500709 50.2417
f 1157/1423/69 1175/1457/69 1174/1456/69

f 1158/1426/69 1175/1457/69 1157/1423/69

v -0.366236 1.27446 0.635902
vt -0.582332 50.1756
f 1158/1426/69 1176/1458/69 1175/1457/69

f 1158/1426/69 1169/1450/69 1176/1458/69

f 1159/1427/69 1169/1450/69 1158/1426/69

usemtl ThomThom___Buttons1
v -0.367664 1.27195 0.635815
vt -0.526021 50.0767
f 1169/1450/70 1177/1459/70 1176/1458/70

f 1169/1450/70 1170/1451/70 1177/1459/70

usemtl ThomThom___Buttons2
v -0.373321 1.27172 0.635469
vt -0.302875 50.0678
vn 0.0609799 -2.43667e-14 -0.998139
v -0.371047 1.27428 0.635608
vt -0.392569 50.1685
v -0.368721 1.27462 0.63575
vt -0.484328 50.182
v -0.367672 1.27377 0.635814
vt -0.525707 50.1484
v -0.373172 1.27059 0.635478
vt -0.308765 50.0231
f 1178/1460/71 1179/1461/71 1180/1462/71 1181/1463/71 1177/1459/71 1170/1451/71 1171/1452/71 1182/1464/71 

usemtl ThomThom___Buttons1
v -0.374705 1.27212 0.635385
vt -0.248289 50.0834
f 1178/1460/70 1183/1465/70 1179/1461/70

f 1182/1464/70 1183/1465/70 1178/1460/70

f 1182/1464/70 1172/1453/70 1183/1465/70

f 1171/1452/70 1172/1453/70 1182/1464/70

usemtl ThomThom___Buttons2
f 1172/1453/69 1173/1454/69 1183/1465/69

v -0.371769 1.27563 0.635564
vt -0.364084 50.2217
f 1183/1465/69 1173/1454/69 1184/1466/69

f 1184/1466/69 1173/1454/69 1174/1456/69

f 1184/1466/69 1174/1456/69 1175/1457/69

usemtl ThomThom___Buttons1
f 1175/1457/70 1180/1462/70 1184/1466/70

f 1176/1458/70 1180/1462/70 1175/1457/70

f 1176/1458/70 1181/1463/70 1180/1462/70

f 1176/1458/70 1177/1459/70 1181/1463/70

f 1179/1461/70 1184/1466/70 1180/1462/70

f 1179/1461/70 1183/1465/70 1184/1466/70

usemtl ThomThom___Waistcoat1
v -0.491732 1.19232 0.628235
vt 0.739592 7.90038
vn 0.0609799 2.41148e-15 -0.998139
v -0.491062 1.19367 0.628276
vt 0.735115 7.90932
vt 0.715939 7.9089
v -0.442989 1.1553 0.631213
vt 0.414032 7.65353
v -0.445281 1.15393 0.631073
vt 0.429341 7.64443
v -0.457289 1.15797 0.630339
vt 0.509542 7.67134
v -0.4762 1.16274 0.629184
vt 0.635849 7.70316
v -0.484861 1.18083 0.628655
vt 0.6937 7.82373
v -0.489147 1.18516 0.628393
vt 0.722323 7.8526
f 1185/1467/72 1186/1468/72 1116/1469/72 54/63/72 55/64/72 56/65/72 1187/1470/72 1188/1471/72 1189/1472/72 1190/1473/72 1191/1474/72 1192/1475/72 

usemtl ThomThom___Waistcoat2
vt 0.792201 7.59797
vn 0.0609799 3.10694e-14 -0.998139
vt 0.711402 7.65418
vt 0.715734 7.64553
vt 0.699023 7.59929
vt 0.671322 7.57135
vt 0.615338 7.45467
v -0.505365 1.1701 0.627402
vt 0.803849 7.50215
vt 0.827555 7.51531
f 1091/1476/73 1090/1354/73 1118/1353/73 1117/1352/73 1116/1351/73 1186/1477/73 1185/1478/73 1192/1479/73 1191/1480/73 1190/1481/73 1193/1482/73 1092/1483/73 

vt 0.374681 7.55394
vn 0.0609799 -3.62805e-15 -0.998139
v -0.44032 1.15319 0.631376
vt 0.383424 7.39307
v -0.442034 1.15128 0.631271
vt 0.394504 7.38073
vt 0.405934 7.37708
v -0.458211 1.15543 0.630283
vt 0.499062 7.40746
v -0.484709 1.16227 0.628664
vt 0.670336 7.45164
vt 0.684274 7.39425
vt 0.764069 7.29298
vt 0.84428 7.11683
vt 0.900776 6.91982
vt 0.891845 7.08774
vt 0.898393 7.23356
vt 0.876392 7.33794
vt 0.872833 7.43388
vt 0.493105 7.42388
vt 0.415492 7.39783
vt 0.400676 7.40664
f 56/1484/74 1194/1485/74 1195/1486/74 66/1487/74 1196/1488/74 1197/1489/74 67/1490/74 68/1491/74 74/1492/74 81/1493/74 1096/1494/74 1095/1495/74 1094/1496/74 1093/1497/74 1092/1483/74 1193/1482/74 1190/1481/74 1189/1498/74 1188/1499/74 1187/1500/74 

usemtl ThomThom___Waistcoat1
v -0.376543 1.15813 0.635272
vt -0.0297693 7.67244
vt 0.396204 7.6395
f 56/65/4 1198/1501/4 1194/1502/4

v -0.379802 1.1622 0.635073
vt -0.0079994 7.69956
f 1198/1501/4 56/65/4 1199/1503/4

v -0.380678 1.16439 0.63502
vt -0.00214939 7.71412
f 1199/1503/4 56/65/4 1200/1504/4

v -0.380889 1.16976 0.635007
vt -0.00074173 7.74996
f 1200/1504/4 56/65/4 1201/1505/4

v -0.377914 1.17408 0.635189
vt -0.020613 7.77871
f 1201/1505/4 56/65/4 1202/1506/4

f 1202/1506/4 56/65/4 57/66/4

usemtl ThomThom___Buttons1
vt -0.392932 46.1801
vn 0.0609799 1.48601e-14 -0.998139
vt -0.121731 46.2234
vt -0.296002 46.252
f 58/1507/75 1202/1508/75 57/1509/75

v -0.374022 1.17263 0.635426
vt -0.275252 46.1663
f 1203/1510/75 1202/1508/75 58/1507/75

v -0.376718 1.17218 0.635262
vt -0.168879 46.1489
f 1204/1511/75 1202/1508/75 1203/1510/75

vt -0.0043803 46.0536
f 1204/1511/75 1201/1512/75 1202/1508/75

v -0.378806 1.16916 0.635134
vt -0.0865276 46.0298
f 1205/1513/75 1201/1512/75 1204/1511/75

v -0.378654 1.16527 0.635143
vt -0.0925341 45.8768
f 1206/1514/75 1201/1512/75 1205/1513/75

vt -0.0126932 45.842
f 1206/1514/75 1200/1515/75 1201/1512/75

v -0.376338 1.16274 0.635285
vt -0.183895 45.7772
f 1207/1516/75 1200/1515/75 1206/1514/75

v -0.377405 1.1611 0.63522
vt -0.1418 45.7125
f 1200/1515/75 1207/1516/75 1208/1517/75

v -0.371718 1.16295 0.635567
vt -0.36613 45.7856
f 1209/1518/75 1208/1517/75 1207/1516/75

v -0.375931 1.16086 0.63531
vt -0.199949 45.7032
f 1208/1517/75 1209/1518/75 1210/1519/75

usemtl ThomThom___Waistcoat2
v -0.369691 1.16797 0.635691
vt -0.0730974 7.4884
vn 0.0609799 -1.22835e-13 -0.998139
vt -0.0667887 7.5118
vt -0.0755801 7.49968
vt -0.0886281 7.46903
vt -0.076312 7.43929
vt -0.0483574 7.42494
vt -0.028809 7.42494
vt -0.00774136 7.45118
vt -0.00208005 7.46528
vt -0.0232369 7.44406
vt -0.0327658 7.44254
vt -0.0599982 7.45603
f 1211/1520/76 59/1521/76 60/1522/76 61/1523/76 63/1524/76 64/1525/76 1198/1526/76 1199/1527/76 1200/1528/76 1208/1529/76 1210/1530/76 1209/1531/76 

usemtl ThomThom___Buttons1
vt -0.446067 45.9831
v -0.371857 1.1681 0.635559
vt -0.360624 45.9883
vt -0.407569 46.1259
f 1211/1532/75 1212/1533/75 59/1534/75

v -0.373331 1.16445 0.635469
vt -0.302476 45.8446
f 1211/1532/75 1213/1535/75 1212/1533/75

f 1209/1518/75 1213/1535/75 1211/1532/75

f 1209/1518/75 1207/1516/75 1213/1535/75

usemtl ThomThom___Buttons2
v -0.376231 1.16367 0.635291
vt -0.188096 45.8136
vn 0.0609799 1.32854e-14 -0.998139
f 1214/1536/77 1213/1535/77 1207/1516/77

v -0.373789 1.16488 0.635441
vt -0.284434 45.8613
f 1213/1535/77 1214/1536/77 1215/1537/77

usemtl ThomThom___Buttons1
v -0.37808 1.16552 0.635178
vt -0.115164 45.8867
vn 0.0609799 -4.94939e-15 -0.998139
f 1216/1538/78 1215/1537/78 1214/1536/78

v -0.374917 1.16593 0.635372
vt -0.239922 45.9026
f 1215/1537/78 1216/1538/78 1217/1539/78

v -0.376304 1.16578 0.635287
vt -0.185231 45.8968
f 1217/1539/78 1216/1538/78 1218/1540/78

v -0.378216 1.16898 0.63517
vt -0.109811 46.023
f 1219/1541/78 1218/1540/78 1216/1538/78

v -0.37676 1.16856 0.635259
vt -0.167254 46.0063
f 1218/1540/78 1219/1541/78 1220/1542/78

v -0.375067 1.1704 0.635362
vt -0.234003 46.0788
f 1220/1542/78 1219/1541/78 1221/1543/78

v -0.37638 1.17165 0.635282
vt -0.182242 46.1278
f 1221/1543/78 1219/1541/78 1222/1544/78

usemtl ThomThom___Buttons2
f 1219/1541/77 1205/1513/77 1222/1544/77

f 1216/1538/77 1205/1513/77 1219/1541/77

f 1216/1538/77 1206/1514/77 1205/1513/77

f 1214/1536/77 1206/1514/77 1216/1538/77

f 1206/1514/77 1214/1536/77 1207/1516/77

f 1222/1544/77 1205/1513/77 1204/1511/77

v -0.374171 1.17201 0.635417
vt -0.269371 46.1421
f 1222/1544/77 1204/1511/77 1223/1545/77

f 1203/1510/77 1223/1545/77 1204/1511/77

v -0.372838 1.17175 0.635499
vt -0.321935 46.1318
f 1224/1546/77 1223/1545/77 1203/1510/77

v -0.373348 1.1714 0.635467
vt -0.301811 46.118
f 1224/1546/77 1225/1547/77 1223/1545/77

v -0.372471 1.16814 0.635521
vt -0.336406 45.9897
f 1224/1546/77 1226/1548/77 1225/1547/77

f 1212/1533/77 1226/1548/77 1224/1546/77

f 1212/1533/77 1215/1537/77 1226/1548/77

f 1213/1535/77 1215/1537/77 1212/1533/77

usemtl ThomThom___Buttons1
f 1215/1537/78 1217/1539/78 1226/1548/78

v -0.373986 1.16823 0.635429
vt -0.276659 45.9934
f 1226/1548/78 1217/1539/78 1227/1549/78

usemtl ThomThom___Buttons2
vn 0.0609799 -3.97138e-14 -0.998139
f 1218/1540/79 1220/1542/79 1221/1543/79 1227/1549/79 1217/1539/79 

usemtl ThomThom___Buttons1
f 1225/1547/78 1227/1549/78 1221/1543/78

f 1226/1548/78 1227/1549/78 1225/1547/78

f 1221/1543/78 1222/1544/78 1225/1547/78

f 1225/1547/78 1222/1544/78 1223/1545/78

f 59/1534/75 1212/1533/75 1224/1546/75

f 59/1534/75 1224/1546/75 58/1507/75

f 58/1507/75 1224/1546/75 1203/1510/75

usemtl ThomThom___Waistcoat1
f 64/73/4 1194/1502/4 1198/1501/4

vt 0.407654 7.62676
f 64/73/4 1195/1550/4 1194/1502/4

f 64/73/4 66/75/4 1195/1550/4

vt 0.515697 7.65438
f 66/75/4 67/76/4 1196/1551/4

vt 0.69268 7.70003
f 1196/1551/4 67/76/4 1197/1552/4

vt -0.0986604 9.10104
f 1114/1335/4 1103/1319/4 1113/1553/4

v -0.364895 1.37391 0.635984
vt -0.107566 9.11094
f 1113/1553/4 1103/1319/4 1228/1554/4

f 1228/1554/4 1103/1319/4 1104/1320/4

usemtl ThomThom___Buttons1
vt -0.635231 54.0909
vt -0.846505 54.1763
f 1105/1324/2 1228/1555/2 1104/1556/2

v -0.359541 1.37385 0.636311
vt -0.846418 54.0887
f 1105/1324/2 1229/1557/2 1228/1555/2

f 1105/1324/2 1106/1323/2 1229/1557/2

usemtl ThomThom___Buttons2
v -0.359542 1.37322 0.636311
vt -0.846393 54.0639
f 1106/1323/1 1230/1558/1 1229/1557/1

v -0.356891 1.37214 0.636473
vt -0.950937 54.0214
f 1106/1323/1 1231/1559/1 1230/1558/1

v -0.356104 1.36948 0.636521
vt -0.981992 53.9164
f 1106/1323/1 1232/1560/1 1231/1559/1

f 1107/1325/1 1232/1560/1 1106/1323/1

f 1107/1325/1 1109/1328/1 1232/1560/1

f 1108/1327/1 1109/1328/1 1107/1325/1

usemtl ThomThom___Buttons1
v -0.359017 1.36715 0.636343
vt -0.867088 53.8249
f 1109/1328/60 1233/1561/60 1232/1560/60

v -0.360305 1.36645 0.636264
vt -0.816281 53.7972
f 1233/1561/60 1109/1328/60 1234/1562/60

f 1109/1328/60 1110/1329/60 1234/1562/60

usemtl ThomThom___Buttons2
v -0.363231 1.36779 0.636086
vt -0.700866 53.8499
vn 0.0609799 4.285e-14 -0.998139
v -0.362515 1.37045 0.636129
vt -0.729122 53.9547
v -0.359543 1.37167 0.636311
vt -0.846332 54.0027
v -0.358074 1.37107 0.636401
vt -0.904264 53.9791
v -0.357653 1.36964 0.636426
vt -0.920877 53.9229
f 1235/1563/80 1236/1564/80 1237/1565/80 1238/1566/80 1239/1567/80 1233/1561/80 1234/1562/80 1110/1329/80 

usemtl ThomThom___Buttons1
v -0.363589 1.37141 0.636064
vt -0.686734 53.9924
f 1235/1563/60 1240/1568/60 1236/1564/60

f 1235/1563/60 1111/1330/60 1240/1568/60

f 1110/1329/60 1111/1330/60 1235/1563/60

usemtl ThomThom___Buttons2
f 1111/1330/1 1112/1331/1 1240/1568/1

f 1240/1568/1 1112/1331/1 1230/1558/1

f 1230/1558/1 1112/1331/1 1229/1557/1

usemtl ThomThom___Buttons1
f 1112/1331/2 1113/1332/2 1229/1557/2

f 1229/1557/2 1113/1332/2 1228/1555/2

f 1237/1565/60 1240/1568/60 1230/1558/60

f 1236/1564/60 1240/1568/60 1237/1565/60

f 1237/1565/60 1230/1558/60 1231/1559/60

f 1231/1559/60 1238/1566/60 1237/1565/60

f 1231/1559/60 1239/1567/60 1238/1566/60

f 1232/1560/60 1239/1567/60 1231/1559/60

f 1232/1560/60 1233/1561/60 1239/1567/60

usemtl ThomThom___Waistcoat2
v -0.400827 1.53157 0.633789
vt 0.128155 9.83422
vn 0.0609799 7.71507e-14 -0.998139
v -0.408208 1.54799 0.633338
vt 0.175864 9.94017
vt 0.174965 10.0582
vt 0.162136 9.94474
vt 0.118999 9.85286
vt 0.0999293 9.77902
vt 0.0984523 9.77058
v -0.391383 1.49849 0.634366
vt 0.0671111 9.6208
vt -0.047884 9.30674
vt -0.151535 9.01079
vt 0.0247126 9.45573
v -0.392489 1.49589 0.634298
vt 0.0742578 9.60399
f 1241/1569/81 1242/1570/81 274/1571/81 273/1572/81 272/1573/81 264/1574/81 263/1575/81 1243/1576/81 250/1577/81 167/229/81 1102/1578/81 1100/1579/81 1244/1580/81 

usemtl ThomThom___Waistcoat1
vt 0.132427 10.162
v -0.466601 1.53535 0.62977
vt 0.571736 10.1872
vt 0.181726 10.2715
f 1241/1581/4 1245/1582/4 1242/1583/4

f 1241/1581/4 1056/1314/4 1245/1582/4

vt 0.0767331 9.92413
f 1244/1584/4 1056/1314/4 1241/1581/4

f 1100/1312/4 1056/1314/4 1244/1584/4

v -0.431393 1.5507 0.631921
vt 0.336582 10.2896
f 1242/1583/4 1245/1582/4 1246/1585/4

v -0.417583 1.55852 0.632765
vt 0.244344 10.3417
f 1242/1583/4 1246/1585/4 1247/1586/4

vt 0.180797 10.3935
f 1242/1583/4 1247/1586/4 274/1587/4

usemtl ThomThom___Jumper1
vn 0.0609799 1.25001e-15 -0.998139
vt 0.409536 58.9957
f 257/390/82 256/389/82 255/388/82 254/387/82 253/386/82 252/385/82 251/384/82 250/383/82 1243/1588/82 263/396/82 262/395/82 261/394/82 260/393/82 259/392/82 258/391/82 

usemtl ThomThom___Jumper2
v -0.511788 0.984343 0.62701
vt 5.15872 38.7537
vn 0.0609799 -8.33389e-15 -0.998139
v -0.525679 0.988778 0.626161
vt 5.70664 38.9283
v -0.539283 0.999068 0.62533
vt 6.24323 39.3334
v -0.470973 0.975431 0.629503
vt 3.54883 38.4028
v -0.497128 0.982602 0.627905
vt 4.58049 38.6851
f 1248/1589/83 1249/1590/83 1250/1591/83 1099/1308/83 1098/1307/83 1097/1306/83 822/1015/83 821/1014/83 820/1013/83 819/1012/83 818/1011/83 817/1010/83 816/1009/83 815/1008/83 814/1007/83 813/1006/83 1251/1592/83 1252/1593/83 

usemtl ThomThom___Trousers2
vn 0.0609799 3.51652e-14 -0.998139
vt 1.08984 6.42737
vt 1.02308 6.39871
vt 0.935152 6.33232
vt 0.845364 6.30371
vt 0.750609 6.29247
vt 0.581551 6.24621
vt 0.390136 6.23974
f 868/1061/84 867/1060/84 1099/1594/84 1250/1595/84 1249/1596/84 1248/1597/84 1252/1598/84 1251/1599/84 813/1600/84 812/1068/84 874/1067/84 873/1066/84 872/1065/84 871/1064/84 870/1063/84 869/1062/84 

usemtl ThomThom___Trousers1
v -0.213337 0.108007 0.645243
vt -1.08372 0.649924
vn 0.0609799 -3.40664e-16 -0.998139
v -0.235837 0.109035 0.643869
vt -0.938282 0.656559
v -0.260891 0.107041 0.642338
vt -0.776342 0.643694
v -0.27684 0.12172 0.641364
vt -0.673253 0.7384
v -0.281446 0.125309 0.641082
vt -0.643484 0.761552
v -0.283778 0.131047 0.64094
vt -0.628406 0.798571
v -0.283778 0.147358 0.64094
vt -0.628406 0.903802
v -0.265021 0.172533 0.642086
vt -0.749647 1.06622
v -0.266859 0.180559 0.641973
vt -0.737763 1.118
v -0.277168 0.204291 0.641343
vt -0.671132 1.27112
v -0.278454 0.237766 0.641265
vt -0.66282 1.48708
v -0.283415 0.265153 0.640962
vt -0.630755 1.66377
v -0.282801 0.294042 0.640999
vt -0.634726 1.85015
v -0.283565 0.305894 0.640953
vt -0.629784 1.92662
v -0.285721 0.323175 0.640821
vt -0.615848 2.03811
v -0.288874 0.343091 0.640628
vt -0.595469 2.1666
v -0.289527 0.375256 0.640588
vt -0.591248 2.37411
v -0.288874 0.40991 0.640628
vt -0.595472 2.59769
v -0.285329 0.432592 0.640845
vt -0.618384 2.74403
v -0.276194 0.448168 0.641403
vt -0.677431 2.84451
v -0.279824 0.459159 0.641181
vt -0.653964 2.91543
v -0.281947 0.467396 0.641052
vt -0.640243 2.96857
v -0.279919 0.469397 0.641175
vt -0.653349 2.98148
v -0.275994 0.465395 0.641415
vt -0.678724 2.95566
v -0.263334 0.460269 0.642189
vt -0.760551 2.92258
v -0.238392 0.457247 0.643712
vt -0.921764 2.90309
v -0.258009 0.463044 0.642514
vt -0.794971 2.94049
v -0.270489 0.469837 0.641752
vt -0.714303 2.98432
v -0.281963 0.48294 0.641051
vt -0.64014 3.06885
v -0.285718 0.494553 0.640821
vt -0.615869 3.14377
v -0.296798 0.514016 0.640144
vt -0.544254 3.26934
v -0.298838 0.53135 0.64002
vt -0.531067 3.38118
v -0.308899 0.566401 0.639405
vt -0.466034 3.60731
v -0.310092 0.588685 0.639332
vt -0.458322 3.75107
v -0.32347 0.656809 0.638515
vt -0.371852 4.19058
v -0.326518 0.674663 0.638329
vt -0.352155 4.30577
v -0.32016 0.713606 0.638717
vt -0.393248 4.55701
v -0.301627 0.752802 0.639849
vt -0.513039 4.8099
v -0.275315 0.784309 0.641457
vt -0.683109 5.01317
v -0.31756 0.745642 0.638876
vt -0.410052 4.7637
v -0.324706 0.734635 0.638439
vt -0.363864 4.69269
v -0.329447 0.731687 0.63815
vt -0.333223 4.67367
v -0.33613 0.738454 0.637741
vt -0.290024 4.71733
v -0.340806 0.756465 0.637456
vt -0.259802 4.83353
v -0.333799 0.776649 0.637884
vt -0.305088 4.96375
v -0.317164 0.796331 0.6389
vt -0.412611 5.09072
v -0.306027 0.803983 0.63958
vt -0.484601 5.14009
v -0.324417 0.795581 0.638457
vt -0.365732 5.08589
v -0.336425 0.783797 0.637723
vt -0.288119 5.00986
v -0.343304 0.773392 0.637303
vt -0.243654 4.94273
v -0.345873 0.771793 0.637146
vt -0.22705 4.93242
v -0.349426 0.774816 0.636929
vt -0.204086 4.95192
v -0.353898 0.786419 0.636656
vt -0.175181 5.02678
v -0.356735 0.801746 0.636482
vt -0.156842 5.12566
v -0.357803 0.806765 0.636417
vt -0.149937 5.15804
vt -1.50345 5.96116
vt -1.50345 5.93181
vt -1.50428 5.9029
v -0.148636 0.91915 0.649196
vt -1.50192 5.88311
v -0.153993 0.905354 0.648869
vt -1.46729 5.7941
v -0.156464 0.888456 0.648718
vt -1.45132 5.68508
v -0.154847 0.846829 0.648816
vt -1.46177 5.41652
v -0.15864 0.830125 0.648585
vt -1.43726 5.30875
v -0.163735 0.820393 0.648273
vt -1.40432 5.24596
v -0.166326 0.79709 0.648115
vt -1.38758 5.09562
v -0.169502 0.757689 0.647921
vt -1.36704 4.84143
v -0.175927 0.730341 0.647529
vt -1.32552 4.66499
v -0.17506 0.683418 0.647582
vt -1.33112 4.36226
v -0.179046 0.621075 0.647338
vt -1.30536 3.96004
v -0.177489 0.583784 0.647433
vt -1.31543 3.71946
v -0.180379 0.563615 0.647257
vt -1.29674 3.58933
v -0.182762 0.517428 0.647111
vt -1.28134 3.29135
v -0.186555 0.496606 0.646879
vt -1.25683 3.15702
v -0.182993 0.468859 0.647097
vt -1.27985 2.97801
v -0.18188 0.410513 0.647165
vt -1.28704 2.60158
v -0.179353 0.391898 0.647319
vt -1.30337 2.48148
v -0.180242 0.35319 0.647265
vt -1.29763 2.23175
v -0.180041 0.311886 0.647277
vt -1.29893 1.96527
v -0.182785 0.30012 0.64711
vt -1.28119 1.88936
v -0.186606 0.27013 0.646876
vt -1.25649 1.69588
v -0.186592 0.262185 0.646877
vt -1.25658 1.64462
v -0.188715 0.247057 0.646747
vt -1.24286 1.54702
v -0.189602 0.232188 0.646693
vt -1.23713 1.45109
v -0.191202 0.21332 0.646595
vt -1.22679 1.32937
v -0.192369 0.209045 0.646524
vt -1.21924 1.30178
v -0.192935 0.196293 0.64649
vt -1.21559 1.21951
v -0.192827 0.167725 0.646496
vt -1.21629 1.0352
v -0.193975 0.149198 0.646426
vt -1.20887 0.915673
v -0.198894 0.133736 0.646126
vt -1.17707 0.815918
v -0.202414 0.117141 0.64591
vt -1.15432 0.708855
v -0.2084 0.108655 0.645545
vt -1.11562 0.654107
f 1253/1601/85 1254/1602/85 1255/1603/85 1256/1604/85 1257/1605/85 1258/1606/85 1259/1607/85 1260/1608/85 1261/1609/85 1262/1610/85 1263/1611/85 1264/1612/85 1265/1613/85 1266/1614/85 1267/1615/85 1268/1616/85 1269/1617/85 1270/1618/85 1271/1619/85 1272/1620/85 1273/1621/85 1274/1622/85 1275/1623/85 1276/1624/85 1277/1625/85 1278/1626/85 1279/1627/85 1280/1628/85 1281/1629/85 1282/1630/85 1283/1631/85 1284/1632/85 1285/1633/85 1286/1634/85 1287/1635/85 1288/1636/85 1289/1637/85 1290/1638/85 1291/1639/85 1292/1640/85 1293/1641/85 1294/1642/85 1295/1643/85 1296/1644/85 1297/1645/85 1298/1646/85 1299/1647/85 1300/1648/85 1301/1649/85 1302/1650/85 1303/1651/85 1304/1652/85 1305/1653/85 1306/1654/85 1307/1655/85 879/1075/85 878/1074/85 877/1073/85 876/1072/85 875/1071/85 799/1070/85 784/961/85 783/960/85 782/959/85 781/958/85 780/957/85 779/956/85 778/955/85 777/954/85 776/953/85 775/952/85 774/951/85 768/950/85 771/1656/85 770/1657/85 746/1658/85 1308/1659/85 1309/1660/85 1310/1661/85 1311/1662/85 1312/1663/85 1313/1664/85 1314/1665/85 1315/1666/85 1316/1667/85 1317/1668/85 1318/1669/85 1319/1670/85 1320/1671/85 1321/1672/85 1322/1673/85 1323/1674/85 1324/1675/85 1325/1676/85 1326/1677/85 1327/1678/85 1328/1679/85 1329/1680/85 1330/1681/85 1331/1682/85 1332/1683/85 1333/1684/85 1334/1685/85 1335/1686/85 1336/1687/85 1337/1688/85 1338/1689/85 1339/1690/85 1340/1691/85 

usemtl ThomThom___Shoes_Leather
v -0.266067 0.093546 0.642022
vt -4.53335 3.68291
vn 0.0609799 4.61593e-16 -0.998139
vt -4.73752 4.21421
vt -5.72573 4.29272
vt -6.61322 4.25223
v -0.205751 0.101989 0.645707
vt -6.91243 4.01531
v -0.200849 0.0943068 0.646006
vt -7.10579 3.71287
v -0.195539 0.0657745 0.64633
vt -7.31524 2.58955
v -0.191732 0.0564297 0.646563
vt -7.46537 2.22164
v -0.166556 0.0370926 0.648101
vt -8.45841 1.46034
v -0.161201 0.0225353 0.648428
vt -8.66966 0.887215
v -0.162617 0.0149291 0.648342
vt -8.61379 0.58776
v -0.163946 0.0112508 0.648261
vt -8.56136 0.442946
v -0.170315 0.0175309 0.647871
vt -8.31015 0.690192
v -0.181552 0.0236963 0.647185
vt -7.86691 0.932927
v -0.205626 0.0279287 0.645714
vt -6.91735 1.09955
v -0.219743 0.02571 0.644852
vt -6.36053 1.0122
v -0.241648 0.0085234 0.643514
vt -5.49654 0.335567
v -0.25566 0.00929312 0.642657
vt -4.94385 0.365871
v -0.265383 0.0134219 0.642063
vt -4.56033 0.528422
v -0.268571 0.0242309 0.641869
vt -4.4346 0.953974
v -0.284046 0.0331132 0.640923
vt -3.82422 1.30367
v -0.28414 0.0384454 0.640918
vt -3.8205 1.5136
v -0.283494 0.0621685 0.640957
vt -3.84596 2.44758
v -0.281486 0.0692009 0.64108
vt -3.92519 2.72445
v -0.283063 0.0792837 0.640983
vt -3.86296 3.12141
v -0.280625 0.0851481 0.641132
vt -3.95912 3.35229
v -0.275221 0.0622657 0.641462
vt -4.17228 2.4514
v -0.270918 0.0583974 0.641725
vt -4.34201 2.29911
v -0.265423 0.0580982 0.642061
vt -4.55877 2.28733
v -0.262823 0.0623338 0.64222
vt -4.66133 2.45409
v -0.262458 0.0676684 0.642242
vt -4.6757 2.66411
v -0.264232 0.0768549 0.642134
vt -4.60575 3.02578
f 1341/1692/86 1255/1693/86 1254/1694/86 1253/1695/86 1342/1696/86 1343/1697/86 1344/1698/86 1345/1699/86 1346/1700/86 1347/1701/86 1348/1702/86 1349/1703/86 1350/1704/86 1351/1705/86 1352/1706/86 1353/1707/86 1354/1708/86 1355/1709/86 1356/1710/86 1357/1711/86 1358/1712/86 1359/1713/86 1360/1714/86 1361/1715/86 1362/1716/86 1363/1717/86 1364/1718/86 1365/1719/86 1366/1720/86 1367/1721/86 1368/1722/86 1369/1723/86 

usemtl ThomThom___ShoesRubber1
v -0.280862 0.0916094 0.641118
vt -3.9498 3.60667
vn 0.0609799 3.76844e-17 -0.998139
v -0.28495 0.107159 0.640868
vt -3.78854 4.21885
f 1370/1724/87 1371/1725/87 1255/1693/87 1341/1692/87 1369/1723/87 1368/1722/87 1367/1721/87 1366/1720/87 1365/1719/87 1364/1718/87 1363/1717/87 

usemtl ThomThom___Trousers2
vn 0.0609799 9.75893e-16 -0.998139
vt -0.620832 0.644454
v -0.290113 0.108027 0.640553
vt -0.587462 0.650058
v -0.292276 0.113449 0.64042
vt -0.573479 0.685038
v -0.291301 0.124759 0.64048
vt -0.579779 0.758004
v -0.289628 0.134019 0.640582
vt -0.590596 0.817748
v -0.291254 0.168101 0.640483
vt -0.580087 1.03763
v -0.297168 0.191785 0.640122
vt -0.541859 1.19043
v -0.30049 0.233905 0.639919
vt -0.520389 1.46217
v -0.303904 0.261964 0.63971
vt -0.498322 1.6432
v -0.303781 0.296756 0.639718
vt -0.499118 1.86766
v -0.305513 0.319815 0.639612
vt -0.487924 2.01643
v -0.307702 0.34007 0.639478
vt -0.473772 2.14711
v -0.308188 0.372804 0.639448
vt -0.470632 2.3583
v -0.307778 0.408044 0.639473
vt -0.47328 2.58565
v -0.305298 0.431786 0.639625
vt -0.48931 2.73882
v -0.299713 0.447481 0.639966
vt -0.525407 2.84008
v -0.301495 0.45581 0.639857
vt -0.513893 2.89382
v -0.303361 0.469138 0.639743
vt -0.50183 2.97981
v -0.303174 0.480756 0.639755
vt -0.503039 3.05476
v -0.305469 0.491191 0.639614
vt -0.488208 3.12208
v -0.31309 0.511137 0.639149
vt -0.438944 3.25076
v -0.314697 0.529338 0.639051
vt -0.42856 3.36819
v -0.321548 0.564633 0.638632
vt -0.384274 3.5959
v -0.322418 0.587303 0.638579
vt -0.378651 3.74216
v -0.331552 0.655553 0.638021
vt -0.319614 4.18248
v -0.334199 0.678284 0.637859
vt -0.302504 4.32913
v -0.33796 0.715737 0.637629
vt -0.278195 4.57077
v -0.340823 0.731882 0.637455
vt -0.25969 4.67493
v -0.344785 0.751984 0.637213
vt -0.234082 4.80462
v -0.34729 0.765869 0.637059
vt -0.21789 4.8942
v -0.350914 0.773139 0.636838
vt -0.194465 4.9411
f 1277/1625/88 1276/1624/88 1275/1623/88 1274/1622/88 1273/1621/88 1272/1620/88 1271/1619/88 1270/1618/88 1269/1617/88 1268/1616/88 1267/1615/88 1266/1614/88 1265/1613/88 1264/1612/88 1263/1611/88 1262/1610/88 1261/1609/88 1260/1608/88 1259/1607/88 1258/1606/88 1257/1605/88 1256/1604/88 1255/1603/88 1371/1726/88 1372/1727/88 1373/1728/88 1374/1729/88 1375/1730/88 1376/1731/88 1377/1732/88 1378/1733/88 1379/1734/88 1380/1735/88 1381/1736/88 1382/1737/88 1383/1738/88 1384/1739/88 1385/1740/88 1386/1741/88 1387/1742/88 1388/1743/88 1389/1744/88 1390/1745/88 1391/1746/88 1392/1747/88 1393/1748/88 1394/1749/88 1395/1750/88 1396/1751/88 1397/1752/88 1398/1753/88 1399/1754/88 1400/1755/88 1401/1756/88 1305/1653/88 1304/1652/88 1303/1651/88 1302/1650/88 1301/1649/88 1300/1648/88 1299/1647/88 1298/1646/88 1297/1645/88 1296/1644/88 1295/1643/88 1294/1642/88 1293/1641/88 1292/1640/88 1291/1639/88 1290/1638/88 1289/1637/88 1288/1636/88 1287/1635/88 1286/1634/88 1285/1633/88 1284/1632/88 1283/1631/88 1282/1630/88 1281/1629/88 1280/1628/88 1279/1627/88 1278/1626/88 

usemtl ThomThom___ShoesRubber2
vn 0.0609799 1.65047e-15 -0.998139
v -0.16198 0.00926908 0.648381
vt -8.63892 0.364925
v -0.164553 0.00379707 0.648224
vt -8.53743 0.149491
v -0.182569 -4.89044e-05 0.647123
vt -7.82681 -0.00192537
v -0.227105 -2.18049e-05 0.644402
vt -6.07014 -0.000858461
v -0.260921 -1.40998e-18 0.642336
vt -4.73632 -5.55112e-17
v -0.266877 -0.000186424 0.641972
vt -4.50141 -0.00733952
v -0.270052 -1.40998e-18 0.641778
vt -4.37616 -5.55112e-17
v -0.284072 0.00082307 0.640922
vt -3.82318 0.0324043
v -0.289311 0.00615278 0.640602
vt -3.61655 0.242235
v -0.288451 0.0298952 0.640654
vt -3.65046 1.17697
f 1354/1708/89 1353/1707/89 1352/1706/89 1351/1705/89 1350/1704/89 1349/1703/89 1348/1702/89 1402/1757/89 1403/1758/89 1404/1759/89 1405/1760/89 1406/1761/89 1407/1762/89 1408/1763/89 1409/1764/89 1410/1765/89 1411/1766/89 1359/1713/89 1358/1712/89 1357/1711/89 1356/1710/89 1355/1709/89 

usemtl ThomThom___Trousers2
vn 0.0609799 2.64443e-15 -0.998139
v -0.36032 0.800169 0.636263
vt -0.13367 5.11549
v -0.365736 0.792195 0.635933
vt -0.0986628 5.06405
v -0.366975 0.781172 0.635857
vt -0.0906544 4.99293
v -0.370556 0.767345 0.635638
vt -0.0675092 4.90372
f 881/1077/90 880/1076/90 879/1075/90 1307/1655/90 1412/1767/90 1413/1768/90 1414/1769/90 1415/1770/90 884/1080/90 883/1079/90 882/1078/90 

usemtl ThomThom___Buttons1
vt -0.236897 43.9719
v -0.377186 1.11824 0.635233
vt -0.150442 44.0253
f 123/1771/8 1416/1772/8 135/180/8

f 122/167/8 1416/1772/8 123/1771/8

v -0.376322 1.11446 0.635286
vt -0.184513 43.8765
f 122/167/8 1417/1773/8 1416/1772/8

f 122/167/8 128/166/8 1417/1773/8

usemtl ThomThom___Buttons2
vn 0.0609799 -2.44534e-14 -0.998139
v -0.377038 1.11403 0.635242
vt -0.156286 43.8596
f 128/166/91 1418/1774/91 1417/1773/91

v -0.379315 1.11046 0.635103
vt -0.0664698 43.719
f 128/166/91 1419/1775/91 1418/1774/91

f 129/168/91 1419/1775/91 128/166/91

v -0.38139 1.11007 0.634976
vt 0.0153858 43.7035
f 1419/1775/91 129/168/91 1420/1776/91

f 130/170/91 1420/1776/91 129/168/91

f 1420/1776/91 130/170/91 131/173/91

v -0.382994 1.11175 0.634878
vt 0.0786631 43.7696
f 1420/1776/91 131/173/91 1421/1777/91

f 1421/1777/91 131/173/91 132/175/91

v -0.383227 1.11384 0.634864
vt 0.0878497 43.8518
f 1421/1777/91 132/175/91 1422/1778/91

v -0.381671 1.11751 0.634959
vt 0.0264571 43.9963
f 1422/1778/91 132/175/91 1423/1779/91

f 1423/1779/91 132/175/91 133/176/91

v -0.379383 1.1187 0.635099
vt -0.0637908 44.0434
f 1423/1779/91 133/176/91 1424/1780/91

f 1424/1780/91 133/176/91 134/178/91

f 1416/1772/91 1424/1780/91 134/178/91

v -0.377723 1.11783 0.6352
vt -0.129273 44.009
f 1416/1772/91 1425/1781/91 1424/1780/91

f 1417/1773/91 1425/1781/91 1416/1772/91

f 1417/1773/91 1418/1774/91 1425/1781/91

usemtl ThomThom___Buttons1
vn 0.0609799 -2.28955e-14 -0.998139
v -0.378834 1.11436 0.635132
vt -0.0854479 43.8723
f 1418/1774/92 1426/1782/92 1425/1781/92

v -0.38011 1.11222 0.635054
vt -0.0351004 43.7883
f 1418/1774/92 1427/1783/92 1426/1782/92

f 1419/1775/92 1427/1783/92 1418/1774/92

f 1419/1775/92 1421/1777/92 1427/1783/92

f 1421/1777/92 1419/1775/92 1420/1776/92

v -0.381503 1.11229 0.634969
vt 0.0198243 43.7911
f 1421/1777/92 1428/1784/92 1427/1783/92

f 1428/1784/92 1421/1777/92 1422/1778/92

v -0.381523 1.11511 0.634968
vt 0.0206348 43.9021
f 1428/1784/92 1422/1778/92 1429/1785/92

f 1429/1785/92 1422/1778/92 1423/1779/92

v -0.379567 1.11667 0.635088
vt -0.0565296 43.9633
f 1429/1785/92 1423/1779/92 1430/1786/92

f 1425/1781/92 1430/1786/92 1423/1779/92

f 1425/1781/92 1426/1782/92 1430/1786/92

usemtl ThomThom___Buttons2
vn 0.0609799 -5.76599e-14 -0.998139
f 1428/1784/93 1429/1785/93 1430/1786/93 1426/1782/93 1427/1783/93 

usemtl ThomThom___Buttons1
f 1425/1781/92 1423/1779/92 1424/1780/92

f 135/180/8 1416/1772/8 134/178/8

usemtl ThomThom___Waistcoat1
f 97/128/4 92/101/4 93/102/4

vt 0.509636 6.89686
vt 0.592932 6.88368
f 87/96/4 99/1787/4 98/1788/4

f 86/95/4 99/1787/4 87/96/4

vt 0.395517 6.89189
f 101/1789/4 99/1787/4 86/95/4

vt 0.456875 6.88539
f 99/1787/4 101/1789/4 100/1790/4

v -0.376862 1.21283 0.635253
vt -0.0276352 8.0371
f 48/57/4 39/48/4 1431/1791/4

v -0.378272 1.21536 0.635167
vt -0.0182228 8.05395
f 1431/1791/4 39/48/4 1432/1792/4

v -0.379541 1.22031 0.635089
vt -0.00974269 8.08692
f 1432/1792/4 39/48/4 1433/1793/4

v -0.377144 1.22534 0.635236
vt -0.0257549 8.12046
f 1433/1793/4 39/48/4 1434/1794/4

f 1434/1794/4 39/48/4 40/49/4

usemtl ThomThom___Buttons1
vt -0.501288 48.2498
vn 0.0609799 1.31548e-15 -0.998139
vt -0.152096 48.2416
vt -0.335904 48.3271
f 42/1795/94 1434/1796/94 40/1797/94

v -0.372486 1.22523 0.63552
vt -0.335807 48.2375
f 42/1795/94 1435/1798/94 1434/1796/94

v -0.369632 1.22375 0.635694
vt -0.448379 48.1792
f 42/1795/94 1436/1799/94 1435/1798/94

vt -0.534067 48.1791
f 43/1800/94 1436/1799/94 42/1795/94

v -0.369501 1.21947 0.635703
vt -0.45356 48.0108
f 43/1800/94 1437/1801/94 1436/1799/94

v -0.367441 1.21877 0.635828
vt -0.534814 47.983
f 1438/1802/94 1437/1801/94 43/1800/94

v -0.37197 1.21632 0.635552
vt -0.356168 47.8864
f 1438/1802/94 1439/1803/94 1437/1801/94

v -0.370842 1.21442 0.635621
vt -0.400671 47.8116
f 1440/1804/94 1439/1803/94 1438/1802/94

v -0.375202 1.21577 0.635354
vt -0.228701 47.8649
f 1440/1804/94 1441/1805/94 1439/1803/94

vt -0.107615 47.8488
f 1440/1804/94 1432/1806/94 1441/1805/94

v -0.375672 1.2136 0.635326
vt -0.210164 47.7795
f 1432/1806/94 1440/1804/94 1442/1807/94

usemtl ThomThom___Waistcoat2
vt -0.0656584 7.78805
vn 0.0609799 -1.43252e-13 -0.998139
vt -0.0876405 7.81612
vt -0.0875182 7.84826
vt -0.106883 7.80651
vt -0.0982078 7.78003
vt -0.079617 7.76621
vt -0.0475275 7.76021
vt -0.0267437 7.77784
vt -0.017635 7.79414
vt -0.0344398 7.78278
f 1440/1808/95 1438/1809/95 43/1810/95 44/1811/95 45/1812/95 47/1813/95 48/1814/95 1431/1815/95 1432/1816/95 1442/1817/95 

usemtl ThomThom___Buttons1
v -0.376473 1.21663 0.635277
vt -0.178543 47.8988
f 1432/1806/94 1443/1818/94 1441/1805/94

vt -0.0575355 48.0436
f 1443/1818/94 1432/1806/94 1433/1819/94

v -0.377363 1.22009 0.635222
vt -0.14347 48.0352
f 1443/1818/94 1433/1819/94 1444/1820/94

v -0.375606 1.22378 0.63533
vt -0.212756 48.1804
f 1444/1820/94 1433/1819/94 1445/1821/94

f 1445/1821/94 1433/1819/94 1434/1796/94

f 1445/1821/94 1434/1796/94 1435/1798/94

usemtl ThomThom___Buttons2
v -0.372487 1.22459 0.63552
vt -0.335779 48.2122
vn 0.0609799 -1.55441e-15 -0.998139
f 1446/1822/96 1445/1821/96 1435/1798/96

v -0.37517 1.22334 0.635356
vt -0.22995 48.163
f 1447/1823/96 1445/1821/96 1446/1822/96

f 1447/1823/96 1444/1820/96 1445/1821/96

v -0.376745 1.22003 0.63526
vt -0.167827 48.0328
f 1448/1824/96 1444/1820/96 1447/1823/96

v -0.375964 1.21699 0.635308
vt -0.198647 47.913
f 1449/1825/96 1444/1820/96 1448/1824/96

f 1449/1825/96 1443/1818/96 1444/1820/96

v -0.375069 1.21638 0.635362
vt -0.233956 47.8891
f 1450/1826/96 1443/1818/96 1449/1825/96

f 1450/1826/96 1441/1805/96 1443/1818/96

f 1441/1805/96 1450/1826/96 1439/1803/96

v -0.37229 1.21685 0.635532
vt -0.343554 47.9076
f 1451/1827/96 1439/1803/96 1450/1826/96

f 1439/1803/96 1451/1827/96 1437/1801/96

v -0.370085 1.21968 0.635667
vt -0.43053 48.0187
f 1437/1801/96 1451/1827/96 1452/1828/96

usemtl ThomThom___Buttons1
vn 0.0609799 2.90489e-14 -0.998139
v -0.373079 1.21818 0.635484
vt -0.312435 47.9599
f 1451/1827/97 1453/1829/97 1452/1828/97

f 1451/1827/97 1449/1825/97 1453/1829/97

f 1449/1825/97 1451/1827/97 1450/1826/97

v -0.374713 1.21791 0.635384
vt -0.247968 47.9491
f 1453/1829/97 1449/1825/97 1454/1830/97

f 1448/1824/97 1454/1830/97 1449/1825/97

v -0.375222 1.21989 0.635353
vt -0.227918 48.027
f 1454/1830/97 1448/1824/97 1455/1831/97

v -0.374095 1.22225 0.635422
vt -0.272367 48.1201
f 1455/1831/97 1448/1824/97 1456/1832/97

f 1456/1832/97 1448/1824/97 1447/1823/97

v -0.372489 1.223 0.63552
vt -0.335711 48.1496
f 1456/1832/97 1447/1823/97 1457/1833/97

v -0.37013 1.22345 0.635664
vt -0.428744 48.1672
f 1458/1834/97 1457/1833/97 1447/1823/97

v -0.371534 1.22255 0.635578
vt -0.373355 48.132
f 1458/1834/97 1459/1835/97 1457/1833/97

v -0.371525 1.22017 0.635579
vt -0.373712 48.0382
f 1458/1834/97 1460/1836/97 1459/1835/97

f 1452/1828/97 1460/1836/97 1458/1834/97

f 1452/1828/97 1453/1829/97 1460/1836/97

usemtl ThomThom___Buttons2
vn 0.0609799 9.36092e-15 -0.998139
f 1455/1831/98 1456/1832/98 1457/1833/98 1459/1835/98 1460/1836/98 1453/1829/98 1454/1830/98 

f 1436/1799/96 1452/1828/96 1458/1834/96

f 1437/1801/96 1452/1828/96 1436/1799/96

f 1436/1799/96 1458/1834/96 1446/1822/96

usemtl ThomThom___Buttons1
f 1458/1834/97 1447/1823/97 1446/1822/97

usemtl ThomThom___Buttons2
f 1436/1799/96 1446/1822/96 1435/1798/96

g Mesh2 SS1 Model

usemtl FrontColor
v 29.815 -5.78507 -54.3907
vt -2409.79 7.69176
vn -0.943129 0 -0.332426
v 22.4998 -5.78507 -33.6367
vt -1543.43 7.69176
v 22.4998 8.88178e-16 -33.6367
vt -1543.43 235.451
v 29.815 8.88178e-16 -54.3907
vt -2409.79 235.451
f 1461/1837/99 1462/1838/99 1463/1839/99 1464/1840/99 

v 0.62086 -5.78507 -40.8028
vt 24.4433 1606.41
vn 0 1 -0
v 0.62086 -5.78507 -0.62086
vt 24.4433 24.4433
v 14.5429 -5.78507 -0.62086
vt 572.553 24.4433
v 18.5429 -5.78507 -0.62086
vt 730.034 24.4433
v 19.0188 -5.78507 -4.59244
vt 748.773 180.805
vt 885.817 1324.28
vt 1173.82 2141.37
v 10.4346 -5.78507 -56.3728
vt 410.812 2219.4
f 1465/1841/100 1466/1842/100 1467/1843/100 1468/1844/100 1469/1845/100 1462/1846/100 1461/1847/100 1470/1848/100 

vt 24.4433 7.69176
vn 1 0 -0
vt 1606.41 7.69176
v 0.62086 8.88178e-16 -40.8028
vt 1606.41 235.451
v 0.62086 8.88178e-16 -0.62086
vt 24.4433 235.451
f 1466/1849/101 1465/1850/101 1471/1851/101 1472/1852/101 

vt 1372.02 7.69176
vn 0.845977 0 0.533219
vt 2096.62 7.69176
v 10.4346 8.88178e-16 -56.3728
vt 2096.62 235.451
vt 1372.02 235.451
f 1465/1853/102 1470/1854/102 1473/1855/102 1471/1856/102 

vt 182.88 7.69176
vn -0.101739 0 0.994811
vt 949.865 7.69176
vt 949.865 235.451
vt 182.88 235.451
f 1470/1857/103 1461/1858/103 1464/1859/103 1473/1860/103 

v 30.6627 8.88178e-16 -54.9281
vt 1207.19 2162.53
f 1474/1861/100 1473/1848/100 1464/1847/100

v 10.1147 8.88178e-16 -57.0296
vt 398.218 2245.26
f 1475/1862/100 1473/1848/100 1474/1861/100

f 1475/1862/100 1471/1841/100 1473/1848/100

v 0 8.88178e-16 -40.9821
vt 0 1613.47
f 1476/1863/100 1471/1841/100 1475/1862/100

f 1471/1841/100 1476/1863/100 1472/1842/100

v 0 8.88178e-16 -0
vt 0 0
f 1477/1864/100 1472/1842/100 1476/1863/100

v 19.0937 8.88178e-16 -0
vt 751.722 0
f 1472/1842/100 1477/1864/100 1478/1865/100

v 0 -5.98045 -0
vn 0 0 1
v 19.0937 -5.98045 -0
vt 751.722 235.451
vt 0 235.451
f 1479/1864/104 1480/1865/104 1478/1866/104 1477/1867/104 

vn 0 -1 -0
v 0 -5.98045 -40.9821
v 10.1147 -5.98045 -57.0296
vt -398.218 2245.26
v 30.6627 -5.98045 -54.9281
vt -1207.19 2162.53
v 23.1081 -5.98045 -33.4948
vt -909.766 1318.69
vt -751.722 0
f 1479/1864/105 1481/1863/105 1482/1868/105 1483/1869/105 1484/1870/105 1480/1871/105 

vt -1613.47 0
vn -1 0 -0
vt -1613.47 235.451
f 1481/1872/106 1479/1864/106 1477/1867/106 1476/1873/106 

vt -1364.96 0
vn -0.845977 0 -0.533219
vt -1364.96 235.451
vt -2111.78 235.451
vt -2111.78 0
f 1481/1874/107 1476/1875/107 1475/1876/107 1482/1877/107 

vt -980.914 0
vn 0.101739 0 -0.994811
vt -167.72 0
vt -167.72 235.451
vt -980.914 235.451
f 1483/1878/108 1482/1879/108 1475/1880/108 1474/1881/108 

v 23.1081 8.88178e-16 -33.4948
vt 1546.13 235.451
vn 0.943129 0 0.332426
vt 1546.13 0
vt 2440.84 0
vt 2440.84 235.451
f 1485/1882/109 1484/1883/109 1483/1884/109 1474/1885/109 

vt 89.4529 0
vn 0.992895 0 0.118997
vt 1417.58 0
vt 1417.58 235.451
vt 89.4529 235.451
f 1480/1886/110 1484/1887/110 1485/1888/110 1478/1889/110 

vt 909.766 1318.69
f 1463/1846/100 1478/1865/100 1485/1890/100

v 18.5429 8.88178e-16 -0.62086
f 1486/1844/100 1478/1865/100 1463/1846/100

f 1472/1842/100 1478/1865/100 1486/1844/100

vt -572.553 7.69176
vn 0 0 -1
vt -24.4433 7.69176
vt -24.4433 235.451
vt -730.034 235.451
vt -730.034 7.69176
f 1467/1891/111 1466/1892/111 1472/1893/111 1486/1894/111 1468/1895/111 

vt -268.622 7.69176
vn -0.992895 0 -0.118997
vt -111.142 7.69176
vt -111.142 235.451
vt -1420.28 235.451
vt -1420.28 7.69176
f 1469/1896/112 1468/1897/112 1486/1898/112 1463/1899/112 1462/1900/112 

f 1463/1846/100 1485/1890/100 1464/1847/100

f 1464/1847/100 1485/1890/100 1474/1861/100

g Mesh3 RDC1 Model

v 29.815 0.195371 -54.3907
v 22.4998 0.195371 -33.6367
v 22.4998 5.98045 -33.6367
v 29.815 5.98045 -54.3907
f 1487/1837/99 1488/1838/99 1489/1839/99 1490/1840/99 

v 5.62086 0.195371 -4.62086
vt 221.294 181.924
v 15.0222 0.195371 -4.62086
vt 591.427 181.924
v 15.6708 0.195371 -10.0326
vt 616.962 394.983
v 19.6142 0.195371 -9.55997
vt 772.212 376.377
v 10.4346 0.195371 -56.3728
v 0.62086 0.195371 -40.8028
v 0.62086 0.195371 -0.62086
v 5.62086 0.195371 -0.62086
vt 221.294 24.4433
f 1491/1901/100 1492/1902/100 1493/1903/100 1494/1904/100 1488/1846/100 1487/1847/100 1495/1848/100 1496/1841/100 1497/1842/100 1498/1905/100 

vt 591.427 7.69176
vn -7.67877e-17 0 1
vt 221.294 7.69176
v 5.62086 -3.60956e-16 -4.62086
vt 221.294 -1.42109e-14
v 15.0222 -3.60956e-16 -4.62086
vt 591.427 -1.42109e-14
f 1492/1906/113 1491/1907/113 1499/1908/113 1500/1909/113 

vt 181.924 7.69176
v 5.62086 -3.60956e-16 -0.62086
vt 24.4433 -1.42109e-14
vt 181.924 -1.42109e-14
f 1491/1910/101 1498/1849/101 1501/1911/101 1499/1912/101 

vt -221.294 7.69176
v 0.62086 5.98045 -0.62086
v 18.5429 5.98045 -0.62086
v 18.5429 -3.60956e-16 -0.62086
vt -730.034 -1.42109e-14
vt -221.294 -1.42109e-14
f 1498/1913/111 1497/1892/111 1502/1893/111 1503/1894/111 1504/1914/111 1501/1915/111 

v 0.62086 5.98045 -40.8028
f 1497/1849/101 1496/1850/101 1505/1851/101 1502/1852/101 

v 10.4346 5.98045 -56.3728
f 1496/1853/102 1495/1854/102 1506/1855/102 1505/1856/102 

f 1495/1857/103 1487/1858/103 1490/1859/103 1506/1860/103 

v 30.6627 5.98045 -54.9281
f 1507/1861/100 1506/1848/100 1490/1847/100

v 10.1147 5.98045 -57.0296
f 1508/1862/100 1506/1848/100 1507/1861/100

f 1508/1862/100 1505/1841/100 1506/1848/100

v 0 5.98045 -40.9821
f 1509/1863/100 1505/1841/100 1508/1862/100

f 1505/1841/100 1509/1863/100 1502/1842/100

v 0 5.98045 -0
f 1510/1864/100 1502/1842/100 1509/1863/100

v 19.0937 5.98045 -0
f 1502/1842/100 1510/1864/100 1511/1865/100

v 0 0 -0
v 19.0937 0 -0
f 1512/1864/104 1513/1865/104 1511/1866/104 1510/1867/104 

vt -221.294 24.4433
f 1512/1864/105 1501/1916/105 1513/1871/105

vt -221.294 181.924
f 1501/1916/105 1512/1864/105 1499/1917/105

v 10.1147 0 -57.0296
f 1512/1864/105 1514/1868/105 1499/1917/105

v 0 0 -40.9821
f 1514/1868/105 1512/1864/105 1515/1863/105

f 1515/1872/106 1512/1864/106 1510/1867/106 1509/1873/106 

f 1515/1874/107 1509/1875/107 1508/1876/107 1514/1877/107 

v 30.6627 0 -54.9281
f 1516/1878/108 1514/1879/108 1508/1880/108 1507/1881/108 

v 23.1081 0 -33.4948
f 1517/1870/105 1514/1868/105 1516/1869/105

v 15.6708 -3.60956e-16 -10.0326
vt -616.962 394.983
f 1518/1918/105 1514/1868/105 1517/1870/105

vt -591.427 181.924
f 1500/1919/105 1514/1868/105 1518/1918/105

f 1499/1917/105 1514/1868/105 1500/1919/105

vt 465.594 7.69176
vt 251.009 7.69176
vt 251.009 -1.42109e-14
vt 465.594 -1.42109e-14
f 1493/1920/110 1492/1921/110 1500/1922/110 1518/1923/110 

vt 721.938 7.69176
vn -0.118997 0 0.992895
vt 565.576 7.69176
vt 565.576 -1.42109e-14
v 19.6142 -3.60956e-16 -9.55997
vt 721.938 -1.42109e-14
f 1494/1924/114 1493/1925/114 1518/1926/114 1519/1927/114 

vt -772.212 376.377
f 1518/1918/105 1517/1870/105 1519/1928/105

f 1513/1871/105 1519/1928/105 1517/1870/105

vt -730.034 24.4433
f 1513/1871/105 1504/1929/105 1519/1928/105

f 1513/1871/105 1501/1916/105 1504/1929/105

vt -465.594 7.69176
vt -465.594 -1.42109e-14
vt -111.142 -1.42109e-14
f 1488/1900/112 1494/1930/112 1519/1931/112 1504/1932/112 1503/1898/112 1489/1899/112 

f 1503/1844/100 1511/1865/100 1489/1846/100

f 1502/1842/100 1511/1865/100 1503/1844/100

v 23.1081 5.98045 -33.4948
f 1489/1846/100 1511/1865/100 1520/1890/100

f 1513/1886/110 1517/1887/110 1520/1888/110 1511/1889/110 

f 1520/1882/109 1517/1883/109 1516/1884/109 1507/1885/109 

f 1490/1847/100 1520/1890/100 1507/1861/100

f 1489/1846/100 1520/1890/100 1490/1847/100

g Mesh4 Stairs01_1 Model

v 15.0188 -5.78507 -4.59244
vt -18.7397 156.361
vt -176.22 156.361
vt -157.48 0
f 1467/1864/105 1521/1933/105 1469/1934/105 1468/1935/105 

v 5.62086 -5.78507 -0.62086
vt 351.26 -3.55271e-15
v 5.62086 -5.78507 -4.59244
vt 351.26 156.361
f 1467/1864/105 1522/1936/105 1523/1937/105 1521/1933/105 

vt -351.26 -1.01916e-32
vn 7.94766e-18 1.33919e-17 1
v 14.5429 -3.65613 -0.62086
vt 0 83.8167
v 5.62086 0.195371 -0.62086
vt -351.26 235.451
f 1522/1938/115 1467/1864/115 1524/1939/115 1525/1940/115 

vt 157.48 0
v 18.5429 -3.65613 -0.62086
vt 157.48 83.8167
f 1467/1864/104 1468/1941/104 1526/1942/104 1524/1939/104 

vt 18.7397 1.42811e-28
vn 0.992895 -9.13339e-31 0.118997
vt 176.22 1.42811e-28
v 19.0188 -3.65613 -4.59244
vt 176.22 83.8167
vt 18.7397 83.8167
f 1468/1943/116 1469/1944/116 1527/1945/116 1526/1946/116 

vt -176.22 0
vt -18.7397 0
v 15.0188 -3.65613 -4.59244
vt -18.7397 83.8167
vt -176.22 83.8167
f 1469/1947/111 1521/1948/111 1528/1949/111 1527/1950/111 

vn -3.48814e-33 -1 -1.45326e-16
v 15.6142 -5.78507 -9.55997
vt -42.1788 351.933
v 19.6142 -5.78507 -9.55997
vt -199.659 351.933
f 1521/1933/117 1529/1951/117 1530/1952/117 1469/1934/117 

vt -157.48 83.8167
vn -0.992895 -4.12961e-17 -0.118997
vt -354.452 2.84217e-14
vt -157.48 -2.95823e-30
f 1528/1953/118 1529/1954/118 1521/1955/118

vt -176.22 -110.702
vn 0 0.919145 -0.39392
vt -199.659 -323.478
vt -42.1788 -323.478
vt -18.7397 -110.702
f 1527/1956/119 1530/1957/119 1529/1958/119 1528/1959/119 

vt 373.192 2.19646e-14
vn 0.992895 4.12961e-17 0.118997
vt 176.22 -6.45712e-15
f 1530/1960/120 1527/1945/120 1469/1961/120

vt 18.7397 156.361
vt 176.22 156.361
f 1528/1962/100 1524/1864/100 1526/1941/100 1527/1963/100 

vt 157.48 33.4195
vn 0.395887 0.917073 0.0474467
vt -41.7989 413.721
vt 5.3655e-16 33.4195
f 1528/1964/121 1525/1965/121 1524/1966/121

vt -1.80568e-13 414.31
vn 0.379212 0.92531 1.94937e-16
vt 156.361 14.4443
v 5.62086 0.195371 -4.62086
vt 157.48 414.31
f 1525/1967/122 1528/1968/122 1531/1969/122

vt -18.5714 84.559
vn 0.00107657 -0.00475238 -0.999988
vt 351.428 0.741291
vt 351.429 236.195
f 1528/1970/123 1523/1971/123 1531/1972/123

vt 351.26 0
f 1523/1973/111 1528/1949/111 1521/1948/111

vt 3.55271e-15 0
vt -157.48 235.451
vt -156.361 0
f 1522/1974/106 1525/1867/106 1531/1975/106 1523/1976/106 

